Selected Category,Suggestion 1,Suggestion 2,Suggestion 3,Suggestion 4,Suggestion 5
Сальники и уплотнительные кольца,Моторное масло,Трансмиссионное масло,Прокладки и комплекты прокладок,Масляный фильтр,Подшипники
Стеклоподъемник,Дверные ручки,Переключатели окон,Дверные панели,Стекло автомобильного окна,Замки дверей
Стойка стабилизатора,Амортизаторы,Рычаги подвески,Сайлентблоки,Шаровые опоры,Тяги рулевые
!Нет категории,Моторное масло,Воздушный фильтр,Тормозные колодки,Свечи зажигания,Антифриз
Болты и гайки,Шайбы,Фиксатор резьбы,Подшипники,Хомуты,Клипсы
Термостат,Прокладки и комплекты прокладок,Сальники и уплотнительные кольца,Масляный фильтр,Воздушный фильтр,Моторное масло
Датчик износа тормозных колодок,Тормозные колодки,Тормозные диски,!Нет категории,Ремкомплекты тормозных колодок и тормозной системы,Моторное масло
Промывки и очистители,Масляный фильтр,Моторное масло,Прокладки и комплекты прокладок,Воздушный фильтр,Фильтр салона
Ремкомплекты тормозных колодок и тормозной системы,Тормозные колодки,Масляный фильтр,!Нет категории,Сайлентблоки,Воздушный фильтр
Стекла зеркал,!Нет категории,Масляный фильтр,Моторное масло,Воздушный фильтр,Фильтр салона
Компоненты генератора,Щетки графитные,Сальники и уплотнительные кольца,Подшипники трансмиссии,!Нет категории,Прокладки и комплекты прокладок
Пыльник ШРУСа,Сайлентблоки,Тормозные колодки,Масляный фильтр,Стойка стабилизатора,Сальники и уплотнительные кольца
Масляный фильтр,Моторное масло,Воздушный фильтр,Фильтр салона,Топливный фильтр,Пробки и кольца уплотнительные поддона и коробок переключения передач (КПП)
Моторное масло,Масляный фильтр,Воздушный фильтр,Фильтр салона,Топливный фильтр,Пробки и кольца уплотнительные поддона и коробок переключения передач (КПП)
Воздушный фильтр,Масляный фильтр,Моторное масло,Фильтр салона,Топливный фильтр,Пробки и кольца уплотнительные поддона и коробок переключения передач (КПП)
Топливный фильтр,Масляный фильтр,Воздушный фильтр,Моторное масло,Фильтр салона,Пробки и кольца уплотнительные поддона и коробок переключения передач (КПП)
Тормозные колодки барабанные,Тормозные колодки,Ремкомплекты тормозных колодок и тормозной системы,Масляный фильтр,Воздушный фильтр,Трос ручника
Подшипники трансмиссии,Сальники и уплотнительные кольца,!Нет категории,Прокладки и комплекты прокладок,Сайлентблоки,"Ступицы, подшипники ступицы колеса и компоненты"
Дверные ручки,!Нет категории,Масляный фильтр,Сайлентблоки,Моторное масло,Воздушный фильтр
Масляный поддон,Масляный фильтр,Прокладки и комплекты прокладок,Моторное масло,Воздушный фильтр,Сальники и уплотнительные кольца
Головка блока цилиндров (ГБЦ),Прокладки и комплекты прокладок,Сальники и уплотнительные кольца,Газораспределительный механизм (ГРМ),Масляный фильтр,Моторное масло
Корпуса воздушного фильтра,Масляный фильтр,Моторное масло,Фильтр салона,Пробки и кольца уплотнительные поддона и коробок переключения передач (КПП),Топливный фильтр
"Рычаги, комплекты рычагов и балки подвески",Сайлентблоки,Стойка стабилизатора,!Нет категории,Втулка стабилизатора,Рулевой наконечник
Втулка стабилизатора,Сайлентблоки,Стойка стабилизатора,Тормозные колодки,!Нет категории,Масляный фильтр
Брызговики,Клипсы,!Нет категории,Подкрылки,Масляный фильтр,Моторное масло
Пробки и Заглушки,!Нет категории,Клипсы,Болты и гайки,Сальники и уплотнительные кольца,Прокладки и комплекты прокладок
Фильтр салона,Воздушный фильтр,Масляный фильтр,Моторное масло,Топливный фильтр,Пробки и кольца уплотнительные поддона и коробок переключения передач (КПП)
"Крепеж, накладки, спойлеры стеклоочистителей",!Нет категории,Клипсы,Рычаги стеклоочистителей,Щетки стеклоочистителя,Масляный фильтр
Прокладки и комплекты прокладок,Сальники и уплотнительные кольца,Масляный фильтр,!Нет категории,Моторное масло,Воздушный фильтр
"Трубки, шланги и адаптеры тормозной системы, системы сцепления",Ремкомплекты тормозных колодок и тормозной системы,Сайлентблоки,Тормозные колодки,!Нет категории,Тормозная жидкость
Сайлентблоки,Стойка стабилизатора,Втулка стабилизатора,!Нет категории,Шаровая опора,Тормозные колодки
Болты и гайки колесные,Болты и гайки,Моторное масло,Масляный фильтр,Воздушный фильтр,Фильтр салона
Рессоры,Сайлентблоки,!Нет категории,Втулка стабилизатора,Масляный фильтр,Шаровая опора
"Датчики давления масла, жидкости и другие",Прокладки и комплекты прокладок,Масляный фильтр,Сальники и уплотнительные кольца,!Нет категории,Воздушный фильтр
Амортизаторы,Пыльники и отбойники амортизатора,Опоры и опорные подшипники амортизаторов,Сайлентблоки,!Нет категории,Стойка стабилизатора
Передний бампер,Решетки передние,!Нет категории,Кронштейн бампера,Подкрылки,Крыло
Электродвигатели,Масляный фильтр,Воздушный фильтр,Тормозные колодки,!Нет категории,Моторное масло
Тормозные колодки,Тормозные диски,Масляный фильтр,Воздушный фильтр,Моторное масло,Ремкомплекты тормозных колодок и тормозной системы
"Дифференциалы (редукторы), главные передачи и составляющие",Сайлентблоки,Сальники и уплотнительные кольца,!Нет категории,Трансмиссионное масло,Подшипники трансмиссии
Клипсы,!Нет категории,Болты и гайки,Масляный фильтр,Моторное масло,Воздушный фильтр
Трансмиссионное масло,Моторное масло,Масляный фильтр,Воздушный фильтр,Фильтр салона,Сальники и уплотнительные кольца
Фильтр АКПП,Трансмиссионное масло,Прокладки и комплекты прокладок,Сальники и уплотнительные кольца,Масляный фильтр,Моторное масло
Подушка коробки передач,Подушка двигателя,Сайлентблоки,Сальники и уплотнительные кольца,Прокладки и комплекты прокладок,!Нет категории
Омыватель стекла,Моторное масло,Масляный фильтр,Воздушный фильтр,Фильтр салона,Щетки стеклоочистителя
"Ремень ГРМ, комплект ГРМ",Прокладки и комплекты прокладок,Масляный фильтр,Ролики и натяжители ГРМ (газораспределительного механизма) и приводных ремней,Сальники и уплотнительные кольца,Приводной ремень генератора
Антифриз,Моторное масло,Масляный фильтр,Вода дистиллированная,Воздушный фильтр,Прокладки и комплекты прокладок
Вода дистиллированная,Антифриз,Моторное масло,Масляный фильтр,Прокладки и комплекты прокладок,Воздушный фильтр
Канистры и лейки,Масляный фильтр,Трансмиссионное масло,Моторное масло,Фильтр салона,Воздушный фильтр
Оборудования для замены масла,Канистры и лейки,Трансмиссионное масло,Смазки универсальные,Специализированные инструменты и съемники,Моторное масло
Пробки и кольца уплотнительные поддона и коробок переключения передач (КПП),Масляный фильтр,Моторное масло,Воздушный фильтр,Фильтр салона,Топливный фильтр
Шайбы,Болты и гайки,Сайлентблоки,!Нет категории,Сальники и уплотнительные кольца,Прокладки и комплекты прокладок
Специализированные инструменты и съемники,Масляный фильтр,Моторное масло,Воздушный фильтр,Пробки и кольца уплотнительные поддона и коробок переключения передач (КПП),Фильтр салона
Зеркала боковые и их составляющие,!Нет категории,Масляный фильтр,Воздушный фильтр,Моторное масло,Стойка стабилизатора
Подкрылки,!Нет категории,Клипсы,Масляный фильтр,Моторное масло,Воздушный фильтр
Трос ручника,Тормозные колодки,Ремкомплекты тормозных колодок и тормозной системы,Сайлентблоки,Тормозные колодки барабанные,!Нет категории
Закладные гайки и пластины для саморезов,Клипсы,Саморезы,Болты и гайки,!Нет категории,Винты
Саморезы,Клипсы,Болты и гайки,Закладные гайки и пластины для саморезов,!Нет категории,Прокладки и комплекты прокладок
Галогенная лампа,Лампочки вспомогательного и сигнального освещения,Масляный фильтр,Воздушный фильтр,Моторное масло,Фильтр салона
Свечи зажигания,Масляный фильтр,Воздушный фильтр,Моторное масло,Фильтр салона,Прокладки и комплекты прокладок
Аккумулятор,Масляный фильтр,Моторное масло,Воздушный фильтр,!Нет категории,Фильтр салона
Цилиндры тормозной системы и их части,Тормозные колодки барабанные,Ремкомплекты тормозных колодок и тормозной системы,Трос ручника,Тормозная жидкость,Тормозные колодки
Жидкость для гидросистем,Масляный фильтр,Моторное масло,Воздушный фильтр,Фильтр салона,Сальники и уплотнительные кольца
Фонари задние (задние габариты),Воздушный фильтр,!Нет категории,Моторное масло,Масляный фильтр,Фильтр салона
"Крышки, пробки и болты радиаторов и бачков расширительных",Прокладки и комплекты прокладок,!Нет категории,Сальники и уплотнительные кольца,Масляный фильтр,Моторное масло
Задний бампер,!Нет категории,Кронштейн бампера,Передний бампер,Фонари задние (задние габариты),Тормозные колодки
Присадки и очистители для топливной системы,Масляный фильтр,Моторное масло,Воздушный фильтр,Фильтр салона,Топливный фильтр
Втулки,Сайлентблоки,!Нет категории,Болты и гайки,Сальники и уплотнительные кольца,Втулка стабилизатора
Герметики и клеи,Прокладки и комплекты прокладок,Сальники и уплотнительные кольца,Масляный фильтр,Моторное масло,Воздушный фильтр
"Тросы, механизмы и приводы (кулисы) переключения передач",Сальники и уплотнительные кольца,!Нет категории,Прокладки и комплекты прокладок,Вилки и штоки переключения передач,Воздушный фильтр
Смазка для тормозной системы,Тормозные колодки,Ремкомплекты тормозных колодок и тормозной системы,Масляный фильтр,Тормозные диски,Воздушный фильтр
Петли двери и ограничители,!Нет категории,Масляный фильтр,Клипсы,Моторное масло,Воздушный фильтр
ШРУС,Сайлентблоки,Масляный фильтр,Тормозные колодки,!Нет категории,Моторное масло
Кольцо АБС,Моторное масло,Воздушный фильтр,Масляный фильтр,Стойка стабилизатора,Тормозные диски
Тормозная жидкость,Масляный фильтр,Моторное масло,Тормозные колодки,Воздушный фильтр,Фильтр салона
Тормозные диски,Тормозные колодки,Ремкомплекты тормозных колодок и тормозной системы,Масляный фильтр,Воздушный фильтр,Моторное масло
Отвертки,Ключи и наборы ключей,Плоскогубцы и кусачки,Прокладки и комплекты прокладок,Смазки универсальные,Инструменты Hex & Torx
Средства для мытья и очистки узлов и агрегатов,Прокладки и комплекты прокладок,Моторное масло,Масляный фильтр,Воздушный фильтр,Ремкомплекты тормозных колодок и тормозной системы
Приводной вал,Тормозные колодки,!Нет категории,Масляный фильтр,Сальники и уплотнительные кольца,Воздушный фильтр
"Крепежи, монтажные комплекты и уплотнения выхлопной системы",Прокладки и комплекты прокладок,Сальники и уплотнительные кольца,!Нет категории,Болты и гайки,Масляный фильтр
Свечи накала,Прокладки и комплекты прокладок,Масляный фильтр,Воздушный фильтр,Сальники и уплотнительные кольца,Моторное масло
"Ступицы, подшипники ступицы колеса и компоненты",Сайлентблоки,Тормозные колодки,Стойка стабилизатора,Масляный фильтр,!Нет категории
Датчики включения/выключения,Масляный фильтр,!Нет категории,Воздушный фильтр,Моторное масло,"Датчики температуры топлива, масла и другие"
Диск сцепления,Выжимной подшипник,Корзина сцепления,Сальники и уплотнительные кольца,Прокладки и комплекты прокладок,!Нет категории
Крышка подшипника первичного вала,Сальники и уплотнительные кольца,Монтажные компонеты сцепления,Комплект сцепления,Болты и гайки,!Нет категории
Радиатор печки,Патрубки и соединители системы охлаждения,Воздушный фильтр,Масляный фильтр,Сальники и уплотнительные кольца,Прокладки и комплекты прокладок
Щетки стеклоочистителя,Масляный фильтр,Воздушный фильтр,Моторное масло,Фильтр салона,!Нет категории
Подушка двигателя,Сайлентблоки,Сальники и уплотнительные кольца,!Нет категории,Прокладки и комплекты прокладок,Масляный фильтр
Поворотник,!Нет категории,Воздушный фильтр,Масляный фильтр,Клипсы,Лампочки вспомогательного и сигнального освещения
Пыльники и отбойники амортизатора,Амортизаторы,Опоры и опорные подшипники амортизаторов,Сайлентблоки,!Нет категории,Стойка стабилизатора
Зеркала слепых (мертвых) зон,Воздушный фильтр,Моторное масло,Трансмиссионное масло,Фильтр салона,Аксессуары для буксировки
Заглушка бампера,!Нет категории,Решетки передние,Моторное масло,Клипсы,Кронштейн бампера
Форсунки омывателя,Масляный фильтр,Моторное масло,!Нет категории,Воздушный фильтр,Фильтр салона
Решетки передние,!Нет категории,Кронштейн бампера,Передний бампер,Клипсы,Штатные противотуманные фары
Шаровая опора,Сайлентблоки,Рулевой наконечник,Стойка стабилизатора,Втулка стабилизатора,Тормозные колодки
Опоры радиатора,!Нет категории,Прокладки и комплекты прокладок,Радиатор,Болты и гайки,Клипсы
Заклепки,Клипсы,Болты и гайки,!Нет категории,Масляный фильтр,Воздушный фильтр
Пружины подвески,Амортизаторы,Опоры и опорные подшипники амортизаторов,Пыльники и отбойники амортизатора,Сайлентблоки,!Нет категории
Коврики салона,Щетки стеклоочистителя,Сайлентблоки,Моторное масло,Масляный фильтр,Воздушный фильтр
Кронштейн бампера,!Нет категории,Клипсы,Болты и гайки,Решетки передние,Масляный фильтр
Фара,!Нет категории,Кронштейн бампера,Решетки передние,Поворотник,Крыло
Шпильки,Болты и гайки,Прокладки и комплекты прокладок,Сальники и уплотнительные кольца,!Нет категории,Болты и гайки колесные
Рулевой наконечник,Сайлентблоки,Стойка стабилизатора,Шаровая опора,Рулевая тяга,Втулка стабилизатора
Кожухи и крышки двигателя,Прокладки и комплекты прокладок,Сальники и уплотнительные кольца,!Нет категории,Моторное масло,Масляный фильтр
Лампочки вспомогательного и сигнального освещения,Масляный фильтр,Галогенная лампа,Моторное масло,Воздушный фильтр,Фильтр салона
Подшипники двигателя,Прокладки и комплекты прокладок,Сальники и уплотнительные кольца,Поршневая группа,Масляный фильтр,!Нет категории
Жидкости для очистки выхлопных газов ( AdBlue ),Моторное масло,Фильтр салона,Масляный фильтр,Воздушный фильтр,Топливный фильтр
Светодиодные (LED) лампы,Тормозные колодки,Фильтр салона,Воздушный фильтр,Лампочки вспомогательного и сигнального освещения,Масляный фильтр
Щетки графитные,Компоненты генератора,!Нет категории,Втулки,Масляный фильтр,Воздушный фильтр
Высоковольтные провода,Свечи зажигания,Прокладки и комплекты прокладок,Масляный фильтр,Воздушный фильтр,Моторное масло
Газораспределительный механизм (ГРМ),Прокладки и комплекты прокладок,Сальники и уплотнительные кольца,Головка блока цилиндров (ГБЦ),!Нет категории,Цепи ГРМ и шестерни цепи ГРМ
"Датчики уровня топлива, масла и другие",Масляный фильтр,Моторное масло,Воздушный фильтр,Топливный фильтр,!Нет категории
Рулевая тяга,Рулевой наконечник,Сайлентблоки,Стойка стабилизатора,Втулка стабилизатора,Шаровая опора
Зарядные и пуско-зарядные устройства для АКБ,Фильтр салона,Скотч и изолента,Моторное масло,Воздушный фильтр,Масляный фильтр
"Датчики температуры топлива, масла и другие",Прокладки и комплекты прокладок,Масляный фильтр,Моторное масло,Воздушный фильтр,Сальники и уплотнительные кольца
Форсунки омывателя фары,!Нет категории,Клипсы,Опоры и опорные подшипники амортизаторов,Форсунки омывателя,Моторное масло
Подвесной подшипник,Сайлентблоки,Сальники и уплотнительные кольца,!Нет категории,Масляный фильтр,Воздушный фильтр
Стабилизатор,Втулка стабилизатора,Стойка стабилизатора,Сайлентблоки,!Нет категории,Болты и гайки
Топливные форсунки,Прокладки и комплекты прокладок,Сальники и уплотнительные кольца,!Нет категории,Болты и гайки,Масляный фильтр
Бачок омывателя,!Нет категории,Воздушный фильтр,Масляный фильтр,Моторное масло,Фильтр салона
Накладки педали,!Нет категории,Воздушный фильтр,Клипсы,Масляный фильтр,Сальники и уплотнительные кольца
Вентилятор радиатора,!Нет категории,Клипсы,Воздушный фильтр,Моторное масло,Масляный фильтр
Приводной ремень генератора,Ролики и натяжители ГРМ (газораспределительного механизма) и приводных ремней,Масляный фильтр,Воздушный фильтр,Моторное масло,"Ремень ГРМ, комплект ГРМ"
Ролики и натяжители ГРМ (газораспределительного механизма) и приводных ремней,Приводной ремень генератора,"Ремень ГРМ, комплект ГРМ",Прокладки и комплекты прокладок,Сальники и уплотнительные кольца,Масляный фильтр
Лямбда-зонд,Моторное масло,Масляный фильтр,Воздушный фильтр,Сальники и уплотнительные кольца,!Нет категории
Приводы и тросы спидометра,Масляный фильтр,Сальники и уплотнительные кольца,Моторное масло,Воздушный фильтр,Прокладки и комплекты прокладок
Замок двери,!Нет категории,Масляный фильтр,Моторное масло,Воздушный фильтр,Дверные ручки
Соленоиды и электроклапаны,Масляный фильтр,Сальники и уплотнительные кольца,Моторное масло,!Нет категории,Воздушный фильтр
"Датчики положения, датчики Холла и датчики импульсов",!Нет категории,Прокладки и комплекты прокладок,Моторное масло,Масляный фильтр,Воздушный фильтр
Лампы переноски,Щетки стеклоочистителя,Насосы омывателя,!Нет категории,Масляный фильтр,Фильтр салона
Расширительный бачок,"Крышки, пробки и болты радиаторов и бачков расширительных",Масляный фильтр,Патрубки и соединители системы охлаждения,Прокладки и комплекты прокладок,Моторное масло
Датчики прочие,!Нет категории,Прокладки и комплекты прокладок,Масляный фильтр,Тормозные колодки,Сальники и уплотнительные кольца
Реле,!Нет категории,Масляный фильтр,Воздушный фильтр,Прокладки и комплекты прокладок,Моторное масло
Опоры и опорные подшипники амортизаторов,Амортизаторы,Пыльники и отбойники амортизатора,Сайлентблоки,!Нет категории,Стойка стабилизатора
Присадки в масло гидравлическое и трансмиссионное,Трансмиссионное масло,Присадки в масло моторное,Масляный фильтр,Втулка стабилизатора,Воздушный фильтр
Электропроводка и компоненты,!Нет категории,Прокладки и комплекты прокладок,Сальники и уплотнительные кольца,Масляный фильтр,Болты и гайки
Воздуховод,!Нет категории,Шаровая опора,"Крышки, пробки и болты радиаторов и бачков расширительных",Сайлентблоки,Воздушный фильтр
Тросы акселератора,!Нет категории,Масляный фильтр,"Ступицы, подшипники ступицы колеса и компоненты",Прокладки и комплекты прокладок,Моторное масло
Рычаги стеклоочистителей,Щетки стеклоочистителя,!Нет категории,Масляный фильтр,Моторное масло,Фильтр салона
"Провода, кабели и клеммы системы аккумуляторных батарей (АКБ)",Масляный фильтр,Сальники и уплотнительные кольца,Клипсы,Прокладки и комплекты прокладок,Электропроводка и компоненты
LED комплекты переднего основного света,!Нет категории,Фильтр салона,"Рычаги, комплекты рычагов и балки подвески",Стойка стабилизатора,Галогенная лампа
Защиты днища и комплектующие,!Нет категории,Подкрылки,Клипсы,Пробки и Заглушки,Моторное масло
Вентилятор печки,!Нет категории,Фильтр салона,Воздушный фильтр,Моторное масло,Тормозные колодки
Патроны ламп,!Нет категории,Лампочки вспомогательного и сигнального освещения,Масляный фильтр,Ремкомплекты тормозных колодок и тормозной системы,Воздушный фильтр
Бендикс стартера,Прокладки и комплекты прокладок,Сальники и уплотнительные кольца,Моторное масло,Щетки графитные,Масляный фильтр
Панели передние,!Нет категории,Кронштейн бампера,Усилители и абсорберы бампера,Решетки передние,Передний бампер
Ароматизаторы,Моторное масло,Масляный фильтр,Средства по уходу за автомобилем,Воздушный фильтр,Фильтр салона
Выхлопная труба,"Крепежи, монтажные комплекты и уплотнения выхлопной системы",Резонатор,Глушитель,!Нет категории,Сайлентблоки
Глушитель,"Крепежи, монтажные комплекты и уплотнения выхлопной системы",Резонатор,!Нет категории,Моторное масло,Масляный фильтр
Хомуты,!Нет категории,Сальники и уплотнительные кольца,Прокладки и комплекты прокладок,Патрубки и соединители системы охлаждения,Клипсы
Смазки для подвески и рулевого управления,Промывки и очистители,!Нет категории,Ремкомплекты тормозных колодок и тормозной системы,Масляный фильтр,Тормозные колодки
Суппорт тормозной,Тормозные колодки,Ремкомплекты тормозных колодок и тормозной системы,Сайлентблоки,!Нет категории,Масляный фильтр
Трубки и патрубки вентиляции картера,Прокладки и комплекты прокладок,Сальники и уплотнительные кольца,!Нет категории,Масляный фильтр,Воздушный фильтр
Ролик сдвижной двери,!Нет категории,Масляный фильтр,Воздушный фильтр,Тормозные колодки,Петли двери и ограничители
Батарейки и портативные аккумуляторы,"Крепления, держатели и зарядки для гаджетов",Воздушный фильтр,Масляный фильтр,Фильтр салона,Моторное масло
Подсветка номерных знаков,!Нет категории,Воздушный фильтр,Моторное масло,Масляный фильтр,Лампочки вспомогательного и сигнального освещения
Комплект сцепления,Сальники и уплотнительные кольца,Выжимной подшипник,!Нет категории,Масляный фильтр,Моторное масло
Диагностические приборы и тестеры,Моторное масло,Масляный фильтр,Воздушный фильтр,Резинки для стеклоочистителей,Щетки стеклоочистителя
Водяная помпа,"Ремень ГРМ, комплект ГРМ",Прокладки и комплекты прокладок,Ролики и натяжители ГРМ (газораспределительного механизма) и приводных ремней,Сальники и уплотнительные кольца,Приводной ремень генератора
Патрубки и соединители системы охлаждения,Прокладки и комплекты прокладок,Сальники и уплотнительные кольца,!Нет категории,Масляный фильтр,Моторное масло
Выжимной подшипник,Сальники и уплотнительные кольца,Комплект сцепления,Диск сцепления,Прокладки и комплекты прокладок,!Нет категории
Лампы подсветки панели приборов,Лампочки вспомогательного и сигнального освещения,Воздушный фильтр,Лампы внутреннего освещения,Масляный фильтр,Прокладки и комплекты прокладок
"Молдинги, накладки и расширители бампера",!Нет категории,Решетки передние,Кронштейн бампера,Моторное масло,Масляный фильтр
Кнопки и выключатели,!Нет категории,Масляный фильтр,Моторное масло,Воздушный фильтр,Клипсы
Профессиональная химия для автомоек,Моторное масло,Средства по уходу за автомобилем,Масляный фильтр,Ароматизаторы,Воздушный фильтр
Средства по уходу за автомобилем,Масляный фильтр,Моторное масло,Воздушный фильтр,"Губки, полотенца, мочалки для ухода",Фильтр салона
Рулевая рейка,Рулевой наконечник,!Нет категории,Сайлентблоки,Воздушный фильтр,Тормозные колодки
Катушка зажигания,Свечи зажигания,Масляный фильтр,Воздушный фильтр,Моторное масло,Высоковольтные провода
Датчик АБС,Тормозные колодки,Масляный фильтр,Моторное масло,Воздушный фильтр,!Нет категории
Стандартные рейки (Рейлинги) на крышу,!Нет категории,Клипсы,Кронштейн бампера,Уплотнители и демпферы капота,Привод замка двери
"Пыльники, крышки и уплотнители фар",!Нет категории,Болты и гайки,Сайлентблоки,Тормозные колодки,"Крепежи, монтажные комплекты и уплотнения выхлопной системы"
Реле регулятор,Компоненты генератора,!Нет категории,Масляный фильтр,Воздушный фильтр,Щетки графитные
"Пневмоподвеска, пневмосистема и составляющие",Моторное масло,Сайлентблоки,Прокладки и комплекты прокладок,!Нет категории,Ремкомплекты тормозных колодок и тормозной системы
Тросики и ручки открывания капота и багажника,!Нет категории,Масляный фильтр,Моторное масло,Клипсы,Воздушный фильтр
Пыльник рулевой тяги,Рулевой наконечник,Рулевая тяга,Сайлентблоки,Втулка стабилизатора,Стойка стабилизатора
Винты,Клипсы,Болты и гайки,!Нет категории,Прокладки и комплекты прокладок,Сальники и уплотнительные кольца
Защита тормозного диска,Тормозные колодки,Ремкомплекты тормозных колодок и тормозной системы,Тормозные диски,Сайлентблоки,!Нет категории
Поршневая группа,Прокладки и комплекты прокладок,Сальники и уплотнительные кольца,Подшипники двигателя,Масляный фильтр,!Нет категории
Кулаки поворотные и шкворни,Сайлентблоки,"Ступицы, подшипники ступицы колеса и компоненты",!Нет категории,Сальники и уплотнительные кольца,Втулка стабилизатора
Монтажные компонеты сцепления,Сальники и уплотнительные кольца,!Нет категории,Комплект сцепления,Выжимной подшипник,Болты и гайки
Привод замка двери,Моторное масло,!Нет категории,Масляный фильтр,Воздушный фильтр,Фильтр салона
"Топливопроводы, горловины и их части",Прокладки и комплекты прокладок,!Нет категории,Масляный фильтр,Сальники и уплотнительные кольца,Моторное масло
"Предохранители, держатели, прерыватели",Лампочки вспомогательного и сигнального освещения,Моторное масло,!Нет категории,Масляный фильтр,Фильтр салона
Патрубки впускного коллектора,Прокладки и комплекты прокладок,!Нет категории,Трубки и патрубки вентиляции картера,Фильтр салона,Моторное масло
Рейки топливные,Прокладки и комплекты прокладок,!Нет категории,Сальники и уплотнительные кольца,Трубки и патрубки вентиляции картера,Насосы топливные
Крестовины карданных валов,Сайлентблоки,Сальники и уплотнительные кольца,Тормозные колодки,Втулка стабилизатора,Воздушный фильтр
Приводы заслонок отопителей,Болты и гайки,Масляный фильтр,!Нет категории,Фильтр салона,Клипсы
Датчики скорости и датчики оборотов вала,!Нет категории,Масляный фильтр,Воздушный фильтр,Сальники и уплотнительные кольца,Тормозные колодки
Радиатор,Антифриз,Прокладки и комплекты прокладок,Масляный фильтр,!Нет категории,Сальники и уплотнительные кольца
Радиатор кондиционера,!Нет категории,Радиатор,Моторное масло,Масляный фильтр,Воздушный фильтр
Проставки для увеличения клиренса,Амортизаторы,Сайлентблоки,Моторное масло,Пружины подвески,Стойка стабилизатора
Масляный радиатор,Прокладки и комплекты прокладок,Масляный фильтр,Сальники и уплотнительные кольца,!Нет категории,Моторное масло
Резонатор,"Крепежи, монтажные комплекты и уплотнения выхлопной системы",Глушитель,Масляный фильтр,Выхлопная труба,!Нет категории
Присадки в масло моторное,Моторное масло,Масляный фильтр,Воздушный фильтр,Топливный фильтр,Фильтр салона
Обгонная муфта генератора,Приводной ремень генератора,Ролики и натяжители ГРМ (газораспределительного механизма) и приводных ремней,!Нет категории,Моторное масло,Компоненты генератора
Замок зажигания,!Нет категории,Прокладки и комплекты прокладок,Масляный фильтр,Моторное масло,Сальники и уплотнительные кольца
Рамки и накладки для номеров,Моторное масло,!Нет категории,Масляный фильтр,Воздушный фильтр,Щетки стеклоочистителя
Внутренние элементы багажника,!Нет категории,Клипсы,Воздушный фильтр,Компоненты генератора,Фильтр салона
Масла моторные для грузовой и сельхозтехники,Масляный фильтр,Воздушный фильтр,Моторное масло,Топливный фильтр,Прокладки и комплекты прокладок
Усилители и абсорберы бампера,Кронштейн бампера,!Нет категории,Решетки передние,Панели передние,Передний бампер
"Крепления, держатели и зарядки для гаджетов",Масляный фильтр,Батарейки и портативные аккумуляторы,Моторное масло,Воздушный фильтр,Средства по уходу за автомобилем
Накладки двери,!Нет категории,Клипсы,Молдинги для автомобильных стекол,Сальники и уплотнительные кольца,Кронштейн бампера
Крепеж номерных знаков,Рамки и накладки для номеров,!Нет категории,Воздушный фильтр,Прокладки и комплекты прокладок,Тормозные колодки
Накладки крыла,!Нет категории,Накладки двери,Клипсы,Трансмиссионное масло,Воздушный фильтр
Шкивы и шпонки двигателя,Сальники и уплотнительные кольца,Прокладки и комплекты прокладок,!Нет категории,Ролики и натяжители ГРМ (газораспределительного механизма) и приводных ремней,Цепи ГРМ и шестерни цепи ГРМ
Накладки на пороги,!Нет категории,Брызговики,Клипсы,Ремонтные части крыла,Прокладки и комплекты прокладок
Полуоси,Сайлентблоки,ШРУС,Сальники и уплотнительные кольца,"Ступицы, подшипники ступицы колеса и компоненты",Ремкомплекты тормозных колодок и тормозной системы
Кривошипно-шатунный механизм,Сальники и уплотнительные кольца,Прокладки и комплекты прокладок,Подшипники двигателя,Цепи ГРМ и шестерни цепи ГРМ,Болты и гайки
Система смазки двигателя,Прокладки и комплекты прокладок,Сальники и уплотнительные кольца,!Нет категории,Масляный фильтр,Моторное масло
Системы и элементы управления коробками переключения передач (КПП),Пружины подвески,Патрубки и соединители системы охлаждения,Пыльники и отбойники амортизатора,Кожухи и крышки двигателя,Прокладки и комплекты прокладок
Датчик парктроника,!Нет категории,Моторное масло,Масляный фильтр,Клипсы,Сальники и уплотнительные кольца
Дополнительный стоп-сигнал,Фильтр салона,!Нет категории,Воздушный фильтр,Фара,Масляный фильтр
"Масла и жидкости для мотоциклов и скутеров, водной и мототехники",Масляный фильтр,Моторное масло,Воздушный фильтр,!Нет категории,Пробки и кольца уплотнительные поддона и коробок переключения передач (КПП)
Стартер,!Нет категории,Воздушный фильтр,Масляный фильтр,Сайлентблоки,"Провода, кабели и клеммы системы аккумуляторных батарей (АКБ)"
Сигнальные жилеты,Аптечки первой помощи,Аварийные знаки,Огнетушители,Аксессуары для буксировки,Средства по уходу за автомобилем
Смазки универсальные,Масляный фильтр,Моторное масло,Воздушный фильтр,Тормозные колодки,Фильтр салона
Корпусы топливного фильтра,!Нет категории,Пыльники и отбойники амортизатора,Амортизаторы,Топливный фильтр,Сальники и уплотнительные кольца
"Защита, накладки и переходники противотуманных фар",Кронштейн бампера,!Нет категории,Решетки передние,Накладки двери,Опоры радиатора
Механизмы и составляющие крепления кабины,!Нет категории,Клипсы,Болты и гайки,Кронштейн бампера,Воздушный фильтр
Патрубки турбины и интеркулера,Масляный фильтр,Воздушный фильтр,Сальники и уплотнительные кольца,!Нет категории,Прокладки и комплекты прокладок
Крыло,!Нет категории,Кронштейн бампера,Передний бампер,Решетки передние,Капот
Ключи зажигания и заготовки ключей дверных,Прокладки и комплекты прокладок,!Нет категории,Масляный фильтр,Моторное масло,Сальники и уплотнительные кольца
Рамки окон,!Нет категории,Ключи зажигания и заготовки ключей дверных,Прокладки и комплекты прокладок,Лобовое стекло,Щетки стеклоочистителя
Кардан,"Провода, кабели и клеммы системы аккумуляторных батарей (АКБ)",Сальники и уплотнительные кольца,Сайлентблоки,Моторное масло,Масляный фильтр
Цилиндры сцепления и их компоненты,!Нет категории,Масляный фильтр,Моторное масло,Сайлентблоки,Сальники и уплотнительные кольца
Датчик ДМРВ,!Нет категории,Воздушный фильтр,Сальники и уплотнительные кольца,Ремкомплекты тормозных колодок и тормозной системы,Масляный фильтр
Дверные стекла,Масляный фильтр,Трубки и патрубки вентиляции картера,!Нет категории,Фильтр салона,Патрубки и соединители системы охлаждения
Патрубки системы отопления,Патрубки и соединители системы охлаждения,Прокладки и комплекты прокладок,Сальники и уплотнительные кольца,Воздушный фильтр,Масляный фильтр
"Пружины газовые (багажника, капота и другие)",Масляный фильтр,Моторное масло,Воздушный фильтр,!Нет категории,Фильтр салона
Замки капота,!Нет категории,Решетки передние,Масляный фильтр,Воздушный фильтр,Моторное масло
Трапеции стеклоочистителей,Моторное масло,Масляный фильтр,Воздушный фильтр,Тормозные колодки,Приводной ремень генератора
Цепи ГРМ и шестерни цепи ГРМ,Прокладки и комплекты прокладок,Сальники и уплотнительные кольца,!Нет категории,Масляный фильтр,Моторное масло
Скотч и изолента,Масляный фильтр,Моторное масло,Фильтр салона,Воздушный фильтр,"Губки, полотенца, мочалки для ухода"
Ремкомплекты и части стартера,Втулки,!Нет категории,Прокладки и комплекты прокладок,Щетки графитные,Моторное масло
Датчик давления шин,Тормозные колодки,Воздушный фильтр,Масляный фильтр,Фильтр салона,Моторное масло
Ксеноновые лампы,Фильтр салона,Лампочки вспомогательного и сигнального освещения,!Нет категории,Моторное масло,Масляный фильтр
Шпонки,Газораспределительный механизм (ГРМ),Сальники и уплотнительные кольца,Пробки и Заглушки,Шпонки,Шпонки
Комплектующие для буксировки,Рулевой наконечник,Аксессуары для буксировки,Амортизаторы,Сайлентблоки,Автокомпрессоры и насосы
Крепления крыла,!Нет категории,Кронштейн бампера,Подкрылки,Механизмы и составляющие крепления кабины,Крыло
Отражатель света (катафот),!Нет категории,Моторное масло,Фильтр салона,Воздушный фильтр,Масляный фильтр
Инструменты для системы охлаждения,Сальники и уплотнительные кольца,!Нет категории,Специализированные инструменты и съемники,Воздушный фильтр,Масляный фильтр
Резинки для стеклоочистителей,Моторное масло,Масляный фильтр,Воздушный фильтр,Фильтр салона,Щетки стеклоочистителя
Трос сцепления,Масляный фильтр,Моторное масло,Сальники и уплотнительные кольца,Воздушный фильтр,Тормозные колодки
Защита двигателя,!Нет категории,Масляный фильтр,Подкрылки,Воздушный фильтр,Моторное масло
Спойлер бампера (губа),!Нет категории,Решетки передние,Подкрылки,Моторное масло,Воздушный фильтр
Подрулевые переключатели,Моторное масло,Масляный фильтр,Воздушный фильтр,Фильтр салона,!Нет категории
Подушки безопасности (Air Bag),Сайлентблоки,Опоры и опорные подшипники амортизаторов,Масляный фильтр,Тормозные колодки,Фильтр салона
Насосы омывателя,Масляный фильтр,Воздушный фильтр,Сальники и уплотнительные кольца,!Нет категории,Моторное масло
Уплотнители и демпферы капота,!Нет категории,Клипсы,Масляный фильтр,Моторное масло,Воздушный фильтр
Насосы топливные,Топливный фильтр,Прокладки и комплекты прокладок,Воздушный фильтр,Масляный фильтр,Моторное масло
Маховик,Сальники и уплотнительные кольца,Комплект сцепления,Прокладки и комплекты прокладок,Выжимной подшипник,!Нет категории
Аптечки первой помощи,Огнетушители,Аварийные знаки,Сигнальные жилеты,Масляный фильтр,Средства по уходу за автомобилем
Пасты и жидкости для шлифовки,Прокладки и комплекты прокладок,Поршневая группа,!Нет категории,Средства по уходу за автомобилем,Моторное масло
"Диски колесные легкосплавные (литые, кованые)",Средства по уходу за автомобилем,"Шины для легковых автомобилей (шина, резина)","Губки, полотенца, мочалки для ухода",Ключи и наборы ключей,Секретки для колес
Замок багажника,!Нет категории,Масляный фильтр,Воздушный фильтр,Моторное масло,"Рычаги, комплекты рычагов и балки подвески"
Трамблер,Сальники и уплотнительные кольца,Высоковольтные провода,Прокладки и комплекты прокладок,!Нет категории,Масляный фильтр
Эмблемы,!Нет категории,Клипсы,Решетки передние,Ремкомплекты тормозных колодок и тормозной системы,Кронштейн бампера
Блоки управления,!Нет категории,Фильтр салона,Воздушный фильтр,Моторное масло,Масляный фильтр
Тросы открытия дверей,!Нет категории,Масляный фильтр,Топливный фильтр,Замок двери,Моторное масло
Двигатели системы очистки окон и фар,!Нет категории,Масляный фильтр,Болты и гайки,Пробки и кольца уплотнительные поддона и коробок переключения передач (КПП),Болты и гайки колесные
Насос ГУР,Сальники и уплотнительные кольца,!Нет категории,Прокладки и комплекты прокладок,Масляный фильтр,Приводной ремень генератора
Баки и бачки топливной системы,Воздушный фильтр,Масляный фильтр,!Нет категории,Моторное масло,Насосы топливные
"Губки, полотенца, мочалки для ухода",Средства по уходу за автомобилем,Моторное масло,Масляный фильтр,Воздушный фильтр,Фильтр салона
Крепеж аккумуляторных батарей,!Нет категории,Болты и гайки,"Провода, кабели и клеммы системы аккумуляторных батарей (АКБ)",Топливный фильтр,Моторное масло
Ручки багажника,!Нет категории,Резинки для стеклоочистителей,Пробки и кольца уплотнительные поддона и коробок переключения передач (КПП),Щетки стеклоочистителя,Масляный фильтр
Обода колеса и их части,Масляный фильтр,Моторное масло,!Нет категории,Фильтр салона,Цепи ГРМ и шестерни цепи ГРМ
Дверные молдинги,!Нет категории,Молдинги для автомобильных стекол,Уплотнители для окон,Амортизаторы,Накладки двери
Автоантенны,!Нет категории,Прокладки и комплекты прокладок,Моторное масло,Масляный фильтр,Сайлентблоки
Валы рулевые и их составляющие,Масляный фильтр,Сайлентблоки,Моторное масло,Воздушный фильтр,Болты и гайки
Фонари внутреннего освещения,Ремкомплекты тормозных колодок и тормозной системы,!Нет категории,Прокладки и комплекты прокладок,Сайлентблоки,Воздушный фильтр
Смазки для подшипников,Пыльник ШРУСа,Сальники и уплотнительные кольца,Масляный фильтр,Хомуты,Моторное масло
Вилки и штоки переключения передач,"Тросы, механизмы и приводы (кулисы) переключения передач",Сальники и уплотнительные кольца,!Нет категории,Прокладки и комплекты прокладок,Воздушный фильтр
Корректоры фар,Пружины подвески,Трамблер,"Датчики уровня топлива, масла и другие",Лампы подсветки панели приборов,Фильтр салона
Автокомпрессоры и насосы,Средства по уходу за автомобилем,Домкраты и комплектующие,Воздушный фильтр,Аксессуары для буксировки,Масляный фильтр
Рамы и лонжероны,!Нет категории,Подушка двигателя,Болты и гайки,Фильтр салона,Клипсы
Генератор,Моторное масло,Приводной ремень генератора,Масляный фильтр,Ролики и натяжители ГРМ (газораспределительного механизма) и приводных ремней,Компоненты генератора
Фильтры паров топлива,Топливный фильтр,Моторное масло,Фильтр салона,!Нет категории,Воздушный фильтр
Шланг ГУР,!Нет категории,Моторное масло,Стойка стабилизатора,Масляный фильтр,Сальники и уплотнительные кольца
"Диски, пилы и расходные материалы для инструмента",Средства по уходу за автомобилем,Наждачная бумага,Скотч и изолента,Отвертки,Хомуты
Гидротрансформаторы и их части,Прокладки и комплекты прокладок,Гидротрансформаторы и их части,Гидротрансформаторы и их части,Гидротрансформаторы и их части,Гидротрансформаторы и их части
Турбина,Прокладки и комплекты прокладок,Масляный фильтр,Моторное масло,Сальники и уплотнительные кольца,!Нет категории
Тросики и ручки открывания лючка бака,Масляный фильтр,Сайлентблоки,Фильтр салона,Воздушный фильтр,Кронштейн бампера
Шплинты,Болты и гайки,Сальники и уплотнительные кольца,Сайлентблоки,Масляный фильтр,!Нет категории
Кольца стопорные,Сальники и уплотнительные кольца,!Нет категории,Прокладки и комплекты прокладок,Болты и гайки,"Ступицы, подшипники ступицы колеса и компоненты"
Радиатор ЕГР,Прокладки и комплекты прокладок,Патрубки и соединители системы охлаждения,Сальники и уплотнительные кольца,Масляный фильтр,Топливный фильтр
Измерительные инструменты,Масляный фильтр,Моторное масло,Хомуты,Пробки и кольца уплотнительные поддона и коробок переключения передач (КПП),Сальники и уплотнительные кольца
Штатные противотуманные фары,!Нет категории,Решетки передние,Моторное масло,Масляный фильтр,Воздушный фильтр
Панели обвеса арок и крыльев,"Рычаги, комплекты рычагов и балки подвески",Кронштейн бампера,Подкрылки,Амортизаторы,Капот
Инструменты для системы зажигания,Свечи зажигания,Специализированные инструменты и съемники,Ключи и наборы ключей,Плоскогубцы и кусачки,Пробки и кольца уплотнительные поддона и коробок переключения передач (КПП)
Эластичная муфта,Сайлентблоки,Сальники и уплотнительные кольца,Моторное масло,Воздушный фильтр,Масляный фильтр
Ремкомплекты коробок переключения передач (КПП),Сальники и уплотнительные кольца,!Нет категории,Прокладки и комплекты прокладок,Подшипники трансмиссии,Фильтр салона
Бачок тормозной жидкости,Сальники и уплотнительные кольца,Ролики и натяжители ГРМ (газораспределительного механизма) и приводных ремней,Прокладки и комплекты прокладок,!Нет категории,Газораспределительный механизм (ГРМ)
Колпачки и заглушки для легкосплалавных дисков,Ремкомплекты тормозных колодок и тормозной системы,Масляный фильтр,Клипсы,Прокладки и комплекты прокладок,Воздушный фильтр
Компрессор кондиционера,Сальники и уплотнительные кольца,Моторное масло,Радиатор кондиционера,!Нет категории,Тормозные колодки
Шторки солнцезащитные,Воздушный фильтр,Фильтр салона,Тормозные колодки,Масляный фильтр,Средства по уходу за автомобилем
Блоки реле и предохранителей,!Нет категории,Масляный фильтр,Фильтр салона,Моторное масло,Воздушный фильтр
Дроссельная заслонка,Прокладки и комплекты прокладок,Воздушный фильтр,Топливный фильтр,"Крепежи, монтажные комплекты и уплотнения выхлопной системы",Моторное масло
Системы управления и механизмы сидений,!Нет категории,Моторное масло,Сайлентблоки,Пробки и кольца уплотнительные поддона и коробок переключения передач (КПП),Штатные сидения
Муфта компрессора кондиционера,Сальники и уплотнительные кольца,Моторное масло,Масляный фильтр,Прокладки и комплекты прокладок,Сайлентблоки
Патрубки корпуса воздушного фильтра,Прокладки и комплекты прокладок,Сальники и уплотнительные кольца,!Нет категории,Моторное масло,Воздушный фильтр
Скребки и щетки,"Губки, полотенца, мочалки для ухода",Омыватель стекла,Средства по уходу за автомобилем,Фильтр салона,Моторное масло
Корзина сцепления,Диск сцепления,Выжимной подшипник,Сальники и уплотнительные кольца,Масляный фильтр,!Нет категории
Вакуумный насос,!Нет категории,Пробки и кольца уплотнительные поддона и коробок переключения передач (КПП),Прокладки и комплекты прокладок,Моторное масло,Сальники и уплотнительные кольца
"Педали, педальные узлы и составляющие",!Нет категории,Втулки,Ремкомплекты тормозных колодок и тормозной системы,Трос ручника,Тормозные колодки
Рулевая колонка,Сайлентблоки,Патрубки и соединители системы охлаждения,Рулевая тяга,Моторное масло,Прокладки и комплекты прокладок
Жидкости для обслуживания воздушных фильтров,Промывки и очистители,Масляный фильтр,Моторное масло,Клипсы,Воздушный фильтр
Ключи и наборы ключей,Свечи зажигания,Домкраты и комплектующие,Моторное масло,Воздушный фильтр,Масляный фильтр
Плоскогубцы и кусачки,Головки и наборы головок,Ключи и наборы ключей,Специализированные инструменты и съемники,Воздушный фильтр,Газораспределительный механизм (ГРМ)
Тормозные барабаны,Тормозные колодки барабанные,Ремкомплекты тормозных колодок и тормозной системы,Цилиндры тормозной системы и их части,Трос ручника,Тормозные колодки
Шумоизоляция багажника,Трансмиссионное масло,Клипсы,Пленки затемняющие и тонировочные,Смазки универсальные,Измерительные инструменты
Подлокотники,Консоли центральные,Фильтр салона,Воздушный фильтр,Масляный фильтр,Щетки стеклоочистителя
Лампы внутреннего освещения,Лампочки вспомогательного и сигнального освещения,Галогенная лампа,Воздушный фильтр,Прокладки и комплекты прокладок,Лампы подсветки панели приборов
"Рычаги, тросы и составляющие селектора коробки передач (КПП)","Тросы, механизмы и приводы (кулисы) переключения передач",!Нет категории,Масляный фильтр,Сальники и уплотнительные кольца,Моторное масло
Шумоизоляция пола,Масляный фильтр,!Нет категории,Болты и гайки,Пробки и кольца уплотнительные поддона и коробок переключения передач (КПП),Моторное масло
Пороги,Ремонтные части крыла,Сайлентблоки,Масляный фильтр,!Нет категории,Моторное масло
Коммутаторы,Трамблер,Моторное масло,Масляный фильтр,Высоковольтные провода,Катушка зажигания
Крепеж и комплектующие запасных колес,Клипсы,Топливный фильтр,Средства по уходу за автомобилем,Воздушный фильтр,Домкраты и комплектующие
Вискомуфта,!Нет категории,Тормозные колодки,Моторное масло,Сальники и уплотнительные кольца,Масляный фильтр
Осушитель кондиционера,Сальники и уплотнительные кольца,Компрессор кондиционера,!Нет категории,Радиатор кондиционера,Масляный фильтр
"Рулевые коробки, червячные узлы",Рулевой наконечник,Моторное масло,Сайлентблоки,Масляный фильтр,Воздушный фильтр
Парковочные системы (парктроники),Масляный фильтр,Моторное масло,Воздушный фильтр,Фильтр салона,Антифриз
Провода и кабели,!Нет категории,Масляный фильтр,Моторное масло,"Ступицы, подшипники ступицы колеса и компоненты",Накладки тормозные
Клапан ЕГР,Прокладки и комплекты прокладок,Масляный фильтр,Моторное масло,Воздушный фильтр,Сальники и уплотнительные кольца
Лобовое стекло,Клипсы,!Нет категории,Втулка стабилизатора,Воздушный фильтр,Фильтр салона
Пинцеты,Прокладки и комплекты прокладок,"Диски, пилы и расходные материалы для инструмента",Скотч и изолента,Рулевой наконечник,Воротки и удлинители
Буксировочные шары и крепления,!Нет категории,Тормозные колодки,Отвертки,Аксессуары для буксировки,Стартовые провода
Органайзеры салона и багажника,Моторное масло,"Губки, полотенца, мочалки для ухода",Средства по уходу за автомобилем,Смазки универсальные,Масляный фильтр
Интеркулер,!Нет категории,Прокладки и комплекты прокладок,Сальники и уплотнительные кольца,Воздушный фильтр,Масляный фильтр
Валы коробок переключения передач (КПП),Сальники и уплотнительные кольца,Герметики и клеи,Трансмиссионное масло,Болты и гайки,Тормозные колодки
Ступицы колеса,Болты и гайки колесные,Болты и гайки,Масляный фильтр,Тормозные колодки,Моторное масло
Полироли,Средства по уходу за автомобилем,"Губки, полотенца, мочалки для ухода",Моторное масло,Фильтр салона,Масляный фильтр
"Стабилизаторы, диодные мосты, потенциометры",Реле регулятор,Сальники и уплотнительные кольца,Компоненты генератора,Генератор,Фильтр салона
Брелоки,!Нет категории,Масляный фильтр,Подушка двигателя,Фильтр салона,Воздушный фильтр
Чехлы и ручки КПП,Моторное масло,Втулка стабилизатора,Масляный фильтр,Сайлентблоки,Стойка стабилизатора
Тепловые экраны,Сайлентблоки,!Нет категории,Клипсы,Маховик,Прокладки и комплекты прокладок
Рулевой демпфер,Сайлентблоки,Шаровая опора,Рулевая тяга,Амортизаторы,Рулевой наконечник
Ремкомплекты рулевых механизмов,!Нет категории,Сальники и уплотнительные кольца,Рулевая тяга,Шаровая опора,Сайлентблоки
Испаритель кондиционера,Прокладки и комплекты прокладок,!Нет категории,Насосы топливные,Топливные форсунки,Трубки и патрубки вентиляции картера
Смазка для электроконтаков,Прокладки и комплекты прокладок,Сальники и уплотнительные кольца,Моторное масло,Масляный фильтр,Смазки универсальные
Инструменты для обслуживания тормозов,Пробки и кольца уплотнительные поддона и коробок переключения передач (КПП),Смазка для тормозной системы,Тормозные колодки,Масляный фильтр,Сальники и уплотнительные кольца
Бачок ГУР,Тормозные колодки,Масляный фильтр,Воздушный фильтр,Прокладки и комплекты прокладок,Жидкость для гидросистем
"Карбюраторы, их части и составляющие",Масляный фильтр,Прокладки и комплекты прокладок,!Нет категории,Патрубки и соединители системы охлаждения,Воздушный фильтр
Фонари и аксессуары,Амортизаторы,Воздушный фильтр,Стойка стабилизатора,Клипсы,Рулевой наконечник
Пылесосы для влажной и сухой уборки,!Нет категории,Цепи ГРМ и шестерни цепи ГРМ,Средства по уходу за автомобилем,Прокладки и комплекты прокладок,Воздушный фильтр
Компоненты автоматических коробок переключения передач (АКПП),Прокладки и комплекты прокладок,Трансмиссионное масло,Фильтр АКПП,Пробки и кольца уплотнительные поддона и коробок переключения передач (КПП),Сальники и уплотнительные кольца
Расширители арок,Передний бампер,Подкрылки,"Защита, накладки и переходники противотуманных фар",Ролики и натяжители ГРМ (газораспределительного механизма) и приводных ремней,Клипсы
Шланг кондиционера,Сальники и уплотнительные кольца,!Нет категории,Фильтр салона,Прокладки и комплекты прокладок,Компрессор кондиционера
Уплотнения для крыльев,!Нет категории,Болты и гайки,Клипсы,Сальники и уплотнительные кольца,Кожухи и крышки двигателя
Инструменты для кузовного ремонта,Масляный фильтр,Инструменты для обслуживания подвески и рулевого управления,Измерительные инструменты,Специализированные инструменты и съемники,Ударные торцевые головки
Комплекты и компоненты для ремонта подвески,Сайлентблоки,Болты и гайки,"Рычаги, комплекты рычагов и балки подвески",!Нет категории,Стойка стабилизатора
Головки и наборы головок,Воротки и удлинители,Прокладки и комплекты прокладок,Масляный фильтр,Специализированные инструменты и съемники,Инструменты Hex & Torx
Очиститель кондиционера,Фильтр салона,Воздушный фильтр,Моторное масло,Масляный фильтр,Пробки и кольца уплотнительные поддона и коробок переключения передач (КПП)
Капот,!Нет категории,Кронштейн бампера,Крыло,Решетки передние,Петли капота
Детали подушки безопасности (Air Bag),!Нет категории,Сайлентблоки,Сальники и уплотнительные кольца,Прокладки и комплекты прокладок,Стойка стабилизатора
Гофра,"Крепежи, монтажные комплекты и уплотнения выхлопной системы",Прокладки и комплекты прокладок,Ремкомплекты тормозных колодок и тормозной системы,Масляный фильтр,Сальники и уплотнительные кольца
Молдинги для автомобильных стекол,Клипсы,Накладки двери,!Нет категории,Уплотнители для окон,Моторное масло
Уплотнители дверей,!Нет категории,Клипсы,Моторное масло,Воздушный фильтр,Фильтр салона
Огнетушители,Аптечки первой помощи,Аварийные знаки,Фильтр салона,Масляный фильтр,Воздушный фильтр
Ремкомплекты гидроусилителя руля (ГУР),Смазки для подвески и рулевого управления,Стойка стабилизатора,Моторное масло,Втулка стабилизатора,!Нет категории
Инструменты для кабеля и проводки,Измерительные инструменты,Масляный фильтр,Фильтр салона,Моторное масло,Пинцеты
Мембраны,Рулевой наконечник,Прокладки и комплекты прокладок,Шаровая опора,Воздушный фильтр,Ремонтные части крыла
Петли крышки багажника (задней двери),!Нет категории,Петли двери и ограничители,Уплотнители и демпферы капота,Дверные ручки,Трансмиссионное масло
Пластиковые панели радиатора,!Нет категории,Воздушный фильтр,Фильтр салона,Уплотнители и демпферы капота,Сайлентблоки
Наборы автомобилиста,Средства по уходу за автомобилем,Щетки стеклоочистителя,Масляный фильтр,Сальники и уплотнительные кольца,Органайзеры салона и багажника
Ремонтные части крыла,Пороги,!Нет категории,Масляный фильтр,Воздушный фильтр,Накладки на пороги
Синхронизатор КПП,!Нет категории,Цепи ГРМ и шестерни цепи ГРМ,Сальники и уплотнительные кольца,Моторное масло,Подшипники трансмиссии
Автосигнализации,Фильтр салона,Шайбы,Хомуты,!Нет категории,Автокомпрессоры и насосы
Масштабные модели и игрушки,Масштабные модели и игрушки,Масштабные модели и игрушки,Масштабные модели и игрушки,Масштабные модели и игрушки,Масштабные модели и игрушки
Части корпуса коробки переключения передач (КПП),Сальники и уплотнительные кольца,!Нет категории,"Ступицы, подшипники ступицы колеса и компоненты","Тросы, механизмы и приводы (кулисы) переключения передач",Щетки стеклоочистителя
Наборы инструментов ручных,Моторное масло,Специализированные инструменты и съемники,Воздушный фильтр,Фильтр салона,"Губки, полотенца, мочалки для ухода"
Пленки затемняющие и тонировочные,Фильтр салона,Ароматизаторы,Антифриз,Воздушный фильтр,Аксессуары для буксировки
"Дневные ходовые огни (ДХО, DRL)",!Нет категории,Колпачки и заглушки для легкосплалавных дисков,Зеркала боковые и их составляющие,Фара,Блоки реле и предохранителей
Насадка на глушитель,Трос ручника,Воздушный фильтр,Масляный фильтр,Болты и гайки,Лампочки вспомогательного и сигнального освещения
Аварийные знаки,Аптечки первой помощи,Огнетушители,Сигнальные жилеты,Аксессуары для буксировки,Масляный фильтр
Аксессуары для буксировки,Домкраты и комплектующие,Аварийные знаки,Ключи и наборы ключей,Аптечки первой помощи,Огнетушители
Разветвители прикуривателя,Масляный фильтр,Моторное масло,Фильтр салона,"Крепления, держатели и зарядки для гаджетов",Воздушный фильтр
Инструменты Hex & Torx,Головки и наборы головок,Сальники и уплотнительные кольца,Болты и гайки,!Нет категории,Воздушный фильтр
"Шины для легковых автомобилей (шина, резина)",!Нет категории,Наклейки,Сайлентблоки,Моторное масло,Тормозные колодки
Рамки и накладки фар основного света,!Нет категории,Кронштейн бампера,Механизмы и составляющие крепления кабины,Винты,Воздушный фильтр
Панели приборов,Клипсы,Масляный фильтр,Приводной ремень генератора,Лампочки вспомогательного и сигнального освещения,Прокладки и комплекты прокладок
Выпускной коллектор,Прокладки и комплекты прокладок,Топливный фильтр,Фильтр салона,Болты и гайки,"Топливопроводы, горловины и их части"
Штатные сидения,Клипсы,Системы управления и механизмы сидений,Пробки и Заглушки,Сайлентблоки,!Нет категории
Торсионы подвески,Втулка стабилизатора,Сайлентблоки,Стойка стабилизатора,Масляный фильтр,"Тросы, механизмы и приводы (кулисы) переключения передач"
Воздухозаборники и вентиляция капота,Клипсы,Петли двери и ограничители,!Нет категории,Тормозные колодки,Блоки реле и предохранителей
Чехлы сидений текстильные,Цепи ГРМ и шестерни цепи ГРМ,Тормозные колодки,!Нет категории,Рулевой наконечник,Моторное масло
Панели пола центральные,Пробки и кольца уплотнительные поддона и коробок переключения передач (КПП),Дверные ручки,Клипсы,Корпуса воздушного фильтра,Масляный фильтр
Солнцезащитные козырьки,Фильтр салона,Пробки и Заглушки,"Предохранители, держатели, прерыватели",Клипсы,Масляный фильтр
Воротки и удлинители,Головки и наборы головок,Ключи и наборы ключей,Специализированные инструменты и съемники,Прокладки и комплекты прокладок,Ремкомплекты тормозных колодок и тормозной системы
Генераторы портативные,Генераторы портативные,Генераторы портативные,Генераторы портативные,Генераторы портативные,Генераторы портативные
Камера заднего вида,Трансмиссионное масло,Пыльник ШРУСа,!Нет категории,Датчики прочие,Датчик парктроника
Аудио динамики,Амортизаторы,!Нет категории,Сайлентблоки,Автомагнитолы и мультимедийные системы,Рулевая тяга
Воздушный фильтр для компрессора,Масляный фильтр,!Нет категории,Сальники и уплотнительные кольца,Моторное масло,"Крепежи, монтажные комплекты и уплотнения выхлопной системы"
Фильтр влагоотделителя,Топливный фильтр,!Нет категории,Масляный фильтр,Приводной ремень генератора,Воздушный фильтр для компрессора
Туристическая мебель,Воздушный фильтр,Пылесосы для влажной и сухой уборки,Фильтр салона,Сайлентблоки,Амортизаторы
Впускной коллектор,Прокладки и комплекты прокладок,Сальники и уплотнительные кольца,!Нет категории,Воздушный фильтр,Фильтр салона
Домкраты и комплектующие,Моторное масло,Масляный фильтр,Ключи и наборы ключей,Воздушный фильтр,Фильтр салона
Стартовые провода,Аксессуары для буксировки,Средства по уходу за автомобилем,Моторное масло,Аптечки первой помощи,Скребки и щетки
Задние панели,!Нет категории,Клипсы,Болты и гайки,Рулевой наконечник,Тормозные колодки
Шестерни трансмиссии,Сальники и уплотнительные кольца,Втулки,Патрубки и соединители системы охлаждения,Ремкомплекты тормозных колодок и тормозной системы,Прокладки и комплекты прокладок
Подсветка и указатели поворота зеркал наружных,Стекла зеркал,Масляный фильтр,!Нет категории,Воздушный фильтр,Трансмиссионное масло
Садовые инструменты,"Губки, полотенца, мочалки для ухода",Колпаки колесные,Рамки и накладки для номеров,Средства по уходу за автомобилем,Щетки стеклоочистителя
Мигалки и спецсигналы световые,Галогенная лампа,Звуковой сигнал,Трос ручника,Мигалки и спецсигналы световые,Мигалки и спецсигналы световые
Уплотнители для окон,!Нет категории,Молдинги для автомобильных стекол,Масляный фильтр,Воздушный фильтр,Фильтр салона
Перчаточные ящики и их части,!Нет категории,Тормозные колодки,Ремкомплекты тормозных колодок и тормозной системы,Внутренние элементы багажника,Щетки стеклоочистителя
Роторы генераторов,Роторы генераторов,Роторы генераторов,Роторы генераторов,Роторы генераторов,Роторы генераторов
Инструменты для обслуживания топливной системы,!Нет категории,Приводной ремень генератора,Газораспределительный механизм (ГРМ),Сальники и уплотнительные кольца,Решетки передние
Автомобильные прикуриватели,!Нет категории,Воздушный фильтр,Масляный фильтр,Реле,Высоковольтные провода
Масла компрессорные,Моторное масло,Масляный фильтр,"Шины для легковых автомобилей (шина, резина)",Антифриз,Вода дистиллированная
Смазки для цепей и ремней,Промывки и очистители,Моторное масло,Средства по уходу за автомобилем,Смазки универсальные,Масляный фильтр
Петли капота,!Нет категории,Кронштейн бампера,Решетки передние,Фара,Капот
Масляный радиатор АКПП,Масляный радиатор АКПП,Масляный радиатор АКПП,Масляный радиатор АКПП,Масляный радиатор АКПП,Масляный радиатор АКПП
Наружные части двери,Задний бампер,Пороги,Поворотник,Петли двери и ограничители,Крыло
"Автомобильные краски, грунтовки",Масляный фильтр,Моторное масло,Воздушный фильтр,Фильтр салона,Тормозные колодки
Надписи,Прокладки и комплекты прокладок,Наклейки,Реле,!Нет категории,Рычаги стеклоочистителей
Катализатор,Опоры и опорные подшипники амортизаторов,Стеклоподъемник,"Крепежи, монтажные комплекты и уплотнения выхлопной системы",Прокладки и комплекты прокладок,Катализатор
Фильтр ГБО,Масляный фильтр,Воздушный фильтр,Моторное масло,Фильтр салона,!Нет категории
Рукоятки рычага переключения передач,"Тросы, механизмы и приводы (кулисы) переключения передач",Рулевой наконечник,Масляный фильтр,Вилки и штоки переключения передач,Приводной ремень генератора
Управление подготовкой и подачей топлива,Топливный фильтр,!Нет категории,Прокладки и комплекты прокладок,Сальники и уплотнительные кольца,Сайлентблоки
Рабочие перчатки,Клипсы,Средства по уходу за автомобилем,"Губки, полотенца, мочалки для ухода","Предохранители, держатели, прерыватели",Скребки и щетки
Наклейки,!Нет категории,Надписи,Моторное масло,Масляный фильтр,Воздушный фильтр
Аксессуары и фурнитура для пневматического инструмента,!Нет категории,Масляный фильтр,Смазки универсальные,Воздушный фильтр,Фильтр салона
Фланцы,Прокладки и комплекты прокладок,!Нет категории,Патрубки и соединители системы охлаждения,Воздушный фильтр,Сальники и уплотнительные кольца
Блок цилиндров и его части,Прокладки и комплекты прокладок,Сальники и уплотнительные кольца,!Нет категории,Цепи ГРМ и шестерни цепи ГРМ,"Крышки, пробки и болты радиаторов и бачков расширительных"
Внутренние части двери,!Нет категории,Болты и гайки,Клипсы,Кронштейн бампера,Сайлентблоки
Крючки и вешалки,!Нет категории,Тормозные колодки,Подкрылки,Клипсы,Стойка стабилизатора
Инструмент для работы с трубами,Втулка стабилизатора,Компоненты генератора,Масляный фильтр,Ремкомплекты и части стартера,Воздушный фильтр
Накладки тормозные,Сайлентблоки,Сальники и уплотнительные кольца,Тормозные колодки,"Датчики температуры топлива, масла и другие",Приводной ремень генератора
Конденсаторы зажигания,Тормозные колодки,Прокладки и комплекты прокладок,Сальники и уплотнительные кольца,Катушка зажигания,!Нет категории
Фланец кардана,Сальники и уплотнительные кольца,!Нет категории,Трансмиссионное масло,Сайлентблоки,Смазки для подшипников
Наждачная бумага,Моторное масло,Аксессуары и фурнитура для пневматического инструмента,Масляный фильтр,"Губки, полотенца, мочалки для ухода",Скотч и изолента
Дефлекторы на окна,Ремкомплекты тормозных колодок и тормозной системы,Насосы топливные,Дефлекторы на окна,Дефлекторы на окна,Дефлекторы на окна
Электролит,Моторное масло,Воздушный фильтр,Масляный фильтр,Вода дистиллированная,Фильтр салона
Буксировочные крепления,Масляный фильтр,Моторное масло,Фильтр салона,Тормозные колодки,Воздушный фильтр
Реостат печки,Сальники и уплотнительные кольца,Прокладки и комплекты прокладок,Фильтр салона,"Предохранители, держатели, прерыватели",Форсунки омывателя
Молдинги крыльев,Подушка двигателя,!Нет категории,Пыльник ШРУСа,Моторное масло,Тормозные диски
Тенты и накидки,Приводы и тросы спидометра,Датчики прочие,Лямбда-зонд,Топливный фильтр,"Крышки, пробки и болты радиаторов и бачков расширительных"
Фильтры гидравлические,Масляный фильтр,Воздушный фильтр,Трансмиссионное масло,Топливный фильтр,!Нет категории
Мультиклапан ГБО,Мультиклапан ГБО,Мультиклапан ГБО,Мультиклапан ГБО,Мультиклапан ГБО,Мультиклапан ГБО
Обивка и накладки боковых панелей,Накладки двери,Молдинги для автомобильных стекол,!Нет категории,Обивка и накладки боковых панелей,Обивка и накладки боковых панелей
Коврики багажника и грузовых отсеков,Коврики салона,Масляный фильтр,Средства по уходу за автомобилем,Моторное масло,Топливный фильтр
Молотки и молоты,Стойка стабилизатора,Воздушный фильтр,Наждачная бумага,Тормозные колодки,Масляный фильтр
Обшивки дверей,Клипсы,!Нет категории,Петли двери и ограничители,Моторное масло,Накладки двери
Диски фрикционные и вискомуфты,!Нет категории,Сальники и уплотнительные кольца,Воздушный фильтр,Масляный фильтр,Топливный фильтр
Инструменты для обслуживания подвески и рулевого управления,Амортизаторы,Опоры и опорные подшипники амортизаторов,Пыльники и отбойники амортизатора,Сальники и уплотнительные кольца,Болты и гайки
Вакуумный усилитель тормозов,Трубки и патрубки вентиляции картера,Сайлентблоки,!Нет категории,Расширительный бачок,Ремкомплекты тормозных колодок и тормозной системы
Трещотки,Головки и наборы головок,Воротки и удлинители,Ремкомплекты тормозных колодок и тормозной системы,Отвертки,Пинцеты
Детские автокресла,Воздушный фильтр,Масляный фильтр,Моторное масло,Пробки и кольца уплотнительные поддона и коробок переключения передач (КПП),Фильтр салона
Энергоаккумулятор,Энергоаккумулятор,Энергоаккумулятор,Энергоаккумулятор,Энергоаккумулятор,Энергоаккумулятор
Спец ножи,Масляный фильтр,Болты и гайки,Воздушный фильтр,Пробки и кольца уплотнительные поддона и коробок переключения передач (КПП),Фильтр салона
Быстрый запуск,Смазки универсальные,Моторное масло,Герметики и клеи,Скотч и изолента,Специализированные инструменты и съемники
Фаркопы и насадки на фаркопы,Тормозные диски,"Рычаги, комплекты рычагов и балки подвески",Подшипники трансмиссии,!Нет категории,Биты
Молдинги и наклейки капота,Решетки передние,Масляный фильтр,Средства по уходу за автомобилем,Ремкомплекты тормозных колодок и тормозной системы,Моторное масло
Средства для мытья рук,Средства по уходу за автомобилем,Смазки универсальные,Промывки и очистители,Омыватель стекла,Ароматизаторы
Обивка крыши и комплектующие,Обивка крыши и комплектующие,Обивка крыши и комплектующие,Обивка крыши и комплектующие,Обивка крыши и комплектующие,Обивка крыши и комплектующие
Диски колесные стальные (штампованные),Масляный фильтр,Воздушный фильтр,Фильтр салона,Патрубки турбины и интеркулера,Жидкости для очистки выхлопных газов ( AdBlue )
"Пробойники, пуансоны, зубила","Провода, кабели и клеммы системы аккумуляторных батарей (АКБ)",Моторное масло,Воздушный фильтр,Масляный фильтр,Специализированные инструменты и съемники
Накладки и рамки центральной консоли,Тормозные колодки,!Нет категории,Прокладки и комплекты прокладок,Сальники и уплотнительные кольца,Ремкомплекты тормозных колодок и тормозной системы
Ремни безопасности,!Нет категории,Прокладки и комплекты прокладок,Масляный фильтр,Болты и гайки,Пыльники и отбойники амортизатора
Инструменты для маркировки и обозначения,"Крепления, держатели и зарядки для гаджетов",Специализированные инструменты и съемники,Присадки в масло моторное,Присадки в масло гидравлическое и трансмиссионное,Спец ножи
Звуковой сигнал,Фильтр салона,Опоры и опорные подшипники амортизаторов,Воздушный фильтр,Кронштейн бампера,Рулевая тяга
Товары для розжига,Товары для розжига,Товары для розжига,Товары для розжига,Товары для розжига,Товары для розжига
Система смазки коробок переключения передач (КПП),!Нет категории,Болты и гайки,Патрубки и соединители системы охлаждения,Корзина сцепления,Эластичная муфта
Масла для кондиционеров,Амортизаторы,Прокладки и комплекты прокладок,!Нет категории,Уплотнения и компоненты для съемных крыш,Масла компрессорные
Накладки и рамки воздуховодов,Решетки вентиляции крыльев,Тормозные колодки барабанные,Фонари задние (задние габариты),!Нет категории,Масла моторные для грузовой и сельхозтехники
Уплотнитель бампера,!Нет категории,Подушка двигателя,ШРУС,Уплотнитель бампера,Уплотнитель бампера
Спойлеры багажника,Спойлер бампера (губа),Спойлеры багажника,Спойлеры багажника,Спойлеры багажника,Спойлеры багажника
"Ножи, заточки и чехлы для ножей",Промывки и очистители,Ремкомплекты тормозных колодок и тормозной системы,Портативные горелки и плиты,Спец ножи,Масляный фильтр
Напильники и надфили,Моторное масло,Воздушный фильтр,"Пробойники, пуансоны, зубила",Жидкость для гидросистем,Измерительные инструменты
Экстракторы,Болты и гайки,Смазки универсальные,Масляный фильтр,Смазка для электроконтаков,Ремкомплекты тормозных колодок и тормозной системы
Комплектующие для стереозвука и магнитол,Амортизаторы,Приводной ремень генератора,Втулка стабилизатора,Стойка стабилизатора,Прокладки и комплекты прокладок
Ножницы,Клипсы,Скотч и изолента,Фильтр салона,Сальники и уплотнительные кольца,Прокладки и комплекты прокладок
Крышка багажника,"Рычаги, комплекты рычагов и балки подвески",!Нет категории,Молдинги и накладки крышки багажника (задней двери),Болты и гайки,Задний бампер
Боковые панели и ремчасти боковых панелей,!Нет категории,Защита двигателя,Боковые панели и ремчасти боковых панелей,Боковые панели и ремчасти боковых панелей,Боковые панели и ремчасти боковых панелей
Шинный сервис,Масляный фильтр,Промывки и очистители,Воздушный фильтр,Фильтр салона,Специализированные инструменты и съемники
Товары для спорта,Товары для спорта,Товары для спорта,Товары для спорта,Товары для спорта,Товары для спорта
Багажники и крепления на крышу,Масляный фильтр,Багажники и крепления на крышу,Багажники и крепления на крышу,Багажники и крепления на крышу,Багажники и крепления на крышу
Средства для защиты от замерзания,Омыватель стекла,Средства по уходу за автомобилем,Скребки и щетки,Смазки универсальные,Масляный фильтр
Чехлы и оплетки для рулевого колеса,Масляный фильтр,Средства по уходу за автомобилем,Моторное масло,Воздушный фильтр,"Губки, полотенца, мочалки для ухода"
Тормозной вал,Ремкомплекты тормозных колодок и тормозной системы,Прокладки и комплекты прокладок,!Нет категории,Сальники и уплотнительные кольца,Тормозные колодки барабанные
Средства гигиены,"Губки, полотенца, мочалки для ухода",Стойка стабилизатора,Кнопки и выключатели,"Термосы, термокружки",Средства гигиены
Задние крылья,Фара,Задние крылья,Задние крылья,Задние крылья,Задние крылья
Уплотнения и молдинги крыши,Воздушный фильтр,Втулка стабилизатора,Сайлентблоки,Моторное масло,Топливный фильтр
Молдинги и накладки крышки багажника (задней двери),Воздушный фильтр,Крышка багажника,Фильтр салона,"Датчики температуры топлива, масла и другие",Тормозные колодки барабанные
Ножницы и секаторы,Герметики и клеи,Головки и наборы головок,Прокладки и комплекты прокладок,Ролики и натяжители ГРМ (газораспределительного механизма) и приводных ремней,Ножницы и секаторы
Блоки розжига,Пробки и Заглушки,Ремкомплекты тормозных колодок и тормозной системы,Штатные противотуманные фары,Моторное масло,"Датчики давления масла, жидкости и другие"
Габаритные огни,!Нет категории,Брызговики,Рулевая тяга,Стойка стабилизатора,Поворотник
Чехлы и сумки для шин,Масляный фильтр,Форсунки омывателя,Ремкомплекты тормозных колодок и тормозной системы,Воздушный фильтр,Моторное масло
"Пистолеты смазочные (Ручные, пневматические)",Трансмиссионное масло,Фильтр салона,Масляный фильтр,Смазки универсальные,"Автомобильные краски, грунтовки"
Монтировки и ломики,Специализированные инструменты и съемники,Сальники и уплотнительные кольца,Воздушный фильтр,Головки и наборы головок,Шаровая опора
Автомагнитолы и мультимедийные системы,Сальники и уплотнительные кольца,Галогенная лампа,Аудио динамики,Ролик сдвижной двери,Пыльники и отбойники амортизатора
Флэш-накопители,"Крепления, держатели и зарядки для гаджетов",Батарейки и портативные аккумуляторы,Моторное масло,Воздушный фильтр,Масляный фильтр
Стекла фар,Поворотник,Передний бампер,Сальники и уплотнительные кольца,Пробки и кольца уплотнительные поддона и коробок переключения передач (КПП),"Молдинги, накладки и расширители бампера"
Фильтр антифриза,Фильтр салона,Воздушный фильтр,Масляный фильтр,Рулевой наконечник,Сальники и уплотнительные кольца
Трубки системы омывателя,!Нет категории,Воздушный фильтр,Форсунки омывателя,Клипсы,Моторное масло
Топоры,Воздушный фильтр,Масляный фильтр,Светодиодные (LED) лампы,Средства по уходу за автомобилем,Топливный фильтр
Подъемники и подъемное оборудование,Пробки и кольца уплотнительные поддона и коробок переключения передач (КПП),Щетки стеклоочистителя,Антифриз,Водяная помпа,Воздушный фильтр
Фильтр картерных газов,Прокладки и комплекты прокладок,!Нет категории,Моторное масло,Трубки и патрубки вентиляции картера,Тормозная жидкость
Видеорегистраторы,Видеорегистраторы,Видеорегистраторы,Видеорегистраторы,Видеорегистраторы,Видеорегистраторы
"Футболки, кофты, рубашки",Наколенники,"Футболки, кофты, рубашки","Футболки, кофты, рубашки","Футболки, кофты, рубашки","Футболки, кофты, рубашки"
Шумоизоляция капота,!Нет категории,Воздушный фильтр,Масляный фильтр,Моторное масло,Клипсы
Ремкомплекты генератора,Ролики и натяжители ГРМ (газораспределительного механизма) и приводных ремней,!Нет категории,Тормозные колодки,Втулки,Насосы топливные
Сверла,Прокладки и комплекты прокладок,Пыльник ШРУСа,Масляный поддон,Лампочки вспомогательного и сигнального освещения,Галогенная лампа
Пневмопистолеты,Воротки и удлинители,Головки и наборы головок,Специализированные инструменты и съемники,Ключи трубные и разводные,Скотч и изолента
Обувь рабочая,Обувь рабочая,Обувь рабочая,Обувь рабочая,Обувь рабочая,Обувь рабочая
Инструмент и оборудование для перекачки топлива и масла,Масляный фильтр,Сайлентблоки,Фильтр салона,Топливный фильтр,Амортизаторы
Механизмы и составляющие подъема кабины,!Нет категории,Сальники и уплотнительные кольца,Фильтры гидравлические,Механизмы и составляющие подъема кабины,Механизмы и составляющие подъема кабины
Комплекты ксенона,Комплекты ксенона,Комплекты ксенона,Комплекты ксенона,Комплекты ксенона,Комплекты ксенона
Зонты,Фильтр салона,Приводной ремень генератора,Ролики и натяжители ГРМ (газораспределительного механизма) и приводных ремней,Механизмы и составляющие крепления кабины,Ремкомплекты тормозных колодок и тормозной системы
Стекла боковые,!Нет категории,Воздушный фильтр,Масляный фильтр,Моторное масло,Топливный фильтр
Линзы,!Нет категории,Клипсы,Подсветка номерных знаков,Линзы,Линзы
Секретки для колес,Средства по уходу за автомобилем,Ремкомплекты тормозных колодок и тормозной системы,Сайлентблоки,"Губки, полотенца, мочалки для ухода","Диски колесные легкосплавные (литые, кованые)"
Пневматические трубки и шланги,Лампочки вспомогательного и сигнального освещения,Приводной ремень генератора,Пружины подвески,Брызговики,Подшипники трансмиссии
Биты,Инструменты Hex & Torx,Специализированные инструменты и съемники,Ударные торцевые головки,Масляный фильтр,Головки и наборы головок
Ударные торцевые головки,Воротки и удлинители,Ключи и наборы ключей,Масляный фильтр,Болты и гайки,Биты
Проводка противотуманных фар,Габаритные огни,Кронштейн бампера,Петли двери и ограничители,Рамки и накладки для номеров,Уплотнители и демпферы капота
Стекло заднего фонаря,Топливный фильтр,Фонари задние (задние габариты),Стекла фар,Прокладки и комплекты прокладок,Воздушный фильтр
Метчики и плашки,"Пробойники, пуансоны, зубила",Моторное масло,Воздушный фильтр,Наждачная бумага,Сальники и уплотнительные кольца
Решетки вентиляции крыльев,Воздуховод,Накладки и рамки воздуховодов,Тормозные колодки барабанные,Болты и гайки,"Рычаги, комплекты рычагов и балки подвески"
Панели заднего обвеса бамперов и багажника,Масляный фильтр,Моторное масло,Накладки на пороги,Панели приборов,Свечи зажигания
"Рюкзаки, сумки",Тормозные колодки барабанные,Ролики и натяжители ГРМ (газораспределительного механизма) и приводных ремней,!Нет категории,"Крепежи, монтажные комплекты и уплотнения выхлопной системы",Масляный фильтр
Защитные дуги порогов и подножки,Клипсы,Прокладки и комплекты прокладок,Омыватель стекла,Скотч и изолента,Моторное масло
Режущие инструменты,Скотч и изолента,"Диски, пилы и расходные материалы для инструмента",Средства по уходу за автомобилем,!Нет категории,Пинцеты
"Карематы, коврики","Ножи, заточки и чехлы для ножей",Моторное масло,Датчики скорости и датчики оборотов вала,Фильтр салона,"Мультитулы, наборы универсальные"
Органайзеры для инструмента,Клипсы,Средства по уходу за автомобилем,Тормозные колодки,Специализированные инструменты и съемники,Ремкомплекты тормозных колодок и тормозной системы
Зеркала внутренние заднего вида,"Предохранители, держатели, прерыватели",Трамблер,Шторки солнцезащитные,Втулка стабилизатора,Амортизаторы
Автомобильные подъемники и подставки,Моторное масло,Домкраты и комплектующие,Воздушный фильтр,Тормозная жидкость,ШРУС
Средства по уходу за оружием,Моторное масло,Воздушный фильтр,Масляный фильтр,Полироли,Фильтр салона
Крепеж передних панелей,Крепеж передних панелей,Крепеж передних панелей,Крепеж передних панелей,Крепеж передних панелей,Крепеж передних панелей
Механизмы и компоненты зеркал,!Нет категории,Фильтр салона,Амортизаторы,Сайлентблоки,Клипсы
Колпаки колесные,Щетки стеклоочистителя,"Губки, полотенца, мочалки для ухода",Прокладки и комплекты прокладок,Шаровая опора,Моторное масло
Задние стекла,!Нет категории,Уплотнители для окон,Щетки стеклоочистителя,"Пружины газовые (багажника, капота и другие)",Дверные стекла
Консоли центральные,Подлокотники,Клипсы,Масляный фильтр,Фильтр салона,Топливный фильтр
Лопаты,Огнетушители,Скребки и щетки,!Нет категории,Средства по уходу за автомобилем,Топоры
Уплотнитель заднего фонаря,Масляный фильтр,Пробки и кольца уплотнительные поддона и коробок переключения передач (КПП),Пыльники и отбойники амортизатора,Воздушный фильтр,Моторное масло
Комплектующие для установки магнитол и динамиков,Масляный фильтр,Топливный фильтр,Воздушный фильтр,Моторное масло,ШРУС
Инструменты для ухода за автомобилем,"Губки, полотенца, мочалки для ухода",Смазки универсальные,Средства по уходу за автомобилем,Канистры и лейки,Фильтр салона
Якорь стартера,Компоненты генератора,Щетки графитные,!Нет категории,Внутренние элементы багажника,"Крышки, пробки и болты радиаторов и бачков расширительных"
Боксы и накидки для перевозки животных,Боксы и накидки для перевозки животных,Боксы и накидки для перевозки животных,Боксы и накидки для перевозки животных,Боксы и накидки для перевозки животных,Боксы и накидки для перевозки животных
Сервисные инструменты для кондиционеров,Прокладки и комплекты прокладок,!Нет категории,Масляный фильтр,Моторное масло,Фильтр салона
Защитные очки,!Нет категории,Наждачная бумага,Сальники и уплотнительные кольца,"Крепления, держатели и зарядки для гаджетов",Воздушный фильтр
Автономные отопители,Моторное масло,Пыльник ШРУСа,Воздушный фильтр,Масляный фильтр,Топливный фильтр
Пепельницы,Масляный фильтр,Пепельницы,Пепельницы,Пепельницы,Пепельницы
Дополнительные противотуманные фары,!Нет категории,Кнопки и выключатели,Кулаки поворотные и шкворни,Штатные противотуманные фары,Дополнительные противотуманные фары
Инструменты и оборудование для автомоек,Инструменты и оборудование для автомоек,Инструменты и оборудование для автомоек,Инструменты и оборудование для автомоек,Инструменты и оборудование для автомоек,Инструменты и оборудование для автомоек
Инструменты для регулировки фаз газораспределения,Сальники и уплотнительные кольца,Прокладки и комплекты прокладок,!Нет категории,Фильтр салона,Смазки универсальные
Подушки,Подушки,Подушки,Подушки,Подушки,Подушки
"Бейсболки, кепки, шапки",Брелоки,"Автомобильные краски, грунтовки",Шланг кондиционера,"Бейсболки, кепки, шапки","Бейсболки, кепки, шапки"
Стяжные ремни и принадлежности,Прокладки и комплекты прокладок,Моторное масло,Омыватель стекла,Опоры и опорные подшипники амортизаторов,"Датчики температуры топлива, масла и другие"
Провода питания и переходники для ламп,Прокладки и комплекты прокладок,!Нет категории,Лампочки вспомогательного и сигнального освещения,Сайлентблоки,Пробки и кольца уплотнительные поддона и коробок переключения передач (КПП)
Ремчасти панелей передних,Воздушный фильтр,Ремкомплекты тормозных колодок и тормозной системы,Ремчасти панелей передних,Ремчасти панелей передних,Ремчасти панелей передних
Сажевый фильтр,Сажевый фильтр,Сажевый фильтр,Сажевый фильтр,Сажевый фильтр,Сажевый фильтр
Дождевые формы,Трапеции стеклоочистителей,Прокладки и комплекты прокладок,Дождевые формы,Дождевые формы,Дождевые формы
Люки крыши и компоненты,Сальники и уплотнительные кольца,Цилиндры сцепления и их компоненты,Люки крыши и компоненты,Люки крыши и компоненты,Люки крыши и компоненты
Автохолодильники,Огнетушители,Автохолодильники,Автохолодильники,Автохолодильники,Автохолодильники
Очки солнцезащитные,Канистры и лейки,!Нет категории,Решетки передние,Ремкомплекты тормозных колодок и тормозной системы,Воздушный фильтр
Посуда для дома и отдыха,Скотч и изолента,Шторки солнцезащитные,Посуда для дома и отдыха,Посуда для дома и отдыха,Посуда для дома и отдыха
Шумоизоляция передних панелей,Опоры и опорные подшипники амортизаторов,Сайлентблоки,Пробки и кольца уплотнительные поддона и коробок переключения передач (КПП),Промывки и очистители,Пыльники и отбойники амортизатора
Уплотнения и компоненты для съемных крыш,Топливный фильтр,"Крепежи, монтажные комплекты и уплотнения выхлопной системы",Промывки и очистители,Смазки универсальные,Хомуты
Автомобильные лаки,Герметики и клеи,Наждачная бумага,Смазки универсальные,Моторное масло,"Автомобильные краски, грунтовки"
Ключи трубные и разводные,Воздушный фильтр,Масляный фильтр,Воротки и удлинители,Шаровая опора,Прокладки и комплекты прокладок
Колеса рулевые,Подсветка номерных знаков,Колеса рулевые,Колеса рулевые,Колеса рулевые,Колеса рулевые
Датчики дождя и запотевания стекол,!Нет категории,Моторное масло,Датчики прочие,Патрубки системы отопления,Воздушный фильтр
Панели крыши,!Нет категории,Молдинги для автомобильных стекол,Панели крыши,Панели крыши,Панели крыши
"Шины для коммерческого транспорта (шина, C)","Шины для коммерческого транспорта (шина, C)","Шины для коммерческого транспорта (шина, C)","Шины для коммерческого транспорта (шина, C)","Шины для коммерческого транспорта (шина, C)","Шины для коммерческого транспорта (шина, C)"
"Ручки, замки и шарниры боковых и задних стекол",Моторное масло,Воздушный фильтр,Масляный фильтр,Фильтр салона,Рулевая тяга
Подстаканники,Моторное масло,Воздушный фильтр,Масляный фильтр,"Датчики давления масла, жидкости и другие",Подстаканники
Индикаторы и указатели панели приборов,!Нет категории,Блоки управления,Щетки стеклоочистителя,Втулка стабилизатора,Рулевая тяга
Накладки и рамки задних фонарей,!Нет категории,Резинки для стеклоочистителей,Ремкомплекты тормозных колодок и тормозной системы,Щетки стеклоочистителя,Подвесной подшипник
"Трубки, шланги, патрубки и арматура газовые","Трубки, шланги, патрубки и арматура газовые","Трубки, шланги, патрубки и арматура газовые","Трубки, шланги, патрубки и арматура газовые","Трубки, шланги, патрубки и арматура газовые","Трубки, шланги, патрубки и арматура газовые"
Хромированные накладки окон,Хромированные накладки окон,Хромированные накладки окон,Хромированные накладки окон,Хромированные накладки окон,Хромированные накладки окон
Статоры генераторов,Стойка стабилизатора,Статоры генераторов,Статоры генераторов,Статоры генераторов,Статоры генераторов
Эмуляторы ламп накаливания (обманки),Средства по уходу за автомобилем,Эмуляторы ламп накаливания (обманки),Эмуляторы ламп накаливания (обманки),Эмуляторы ламп накаливания (обманки),Эмуляторы ламп накаливания (обманки)
Скобы,Тормозные колодки,Болты и гайки,!Нет категории,Втулка стабилизатора,"Масла и жидкости для мотоциклов и скутеров, водной и мототехники"
Одежда для работы,Рулевой наконечник,Руководства по ремонту и эксплуатации,Патрубки и соединители системы охлаждения,Моторное масло,!Нет категории
Фрезы,Опоры и опорные подшипники амортизаторов,Прокладки и комплекты прокладок,Ремкомплекты тормозных колодок и тормозной системы,Сальники и уплотнительные кольца,Фрезы
Шлифовальные и полировальные машинки пневматические,Шлифовальные и полировальные машинки пневматические,Шлифовальные и полировальные машинки пневматические,Шлифовальные и полировальные машинки пневматические,Шлифовальные и полировальные машинки пневматические,Шлифовальные и полировальные машинки пневматические
Масла моторные в бочках от 20 литров,Топливный фильтр,Моторное масло,Воздушный фильтр,Фильтр салона,Масляный фильтр
Компрессоры наддува воздуха,Муфта компрессора кондиционера,Шкивы и шпонки двигателя,Втулка стабилизатора,Компрессоры наддува воздуха,Компрессоры наддува воздуха
Жидкости для пневмосистемы (WABCO),Подвесной подшипник,Топливный фильтр,Фильтр АКПП,Жидкости для пневмосистемы (WABCO),Жидкости для пневмосистемы (WABCO)
Мосты трансмиссии и их составляющие,Датчики включения/выключения,Шаровая опора,!Нет категории,Масляный фильтр,Топливный фильтр
Переносные ящики для инструмента,Амортизаторы,Пыльники и отбойники амортизатора,Рулевой наконечник,Переносные ящики для инструмента,Переносные ящики для инструмента
Пистолеты для покраски и аксессуары,Стойка стабилизатора,Сайлентблоки,Смазка для тормозной системы,Тормозные диски,Тормозные колодки
Наколенники,Датчик парктроника,Жидкости для очистки выхлопных газов ( AdBlue ),Масляный фильтр,Топливный фильтр,"Футболки, кофты, рубашки"
Тиски и струбцины,Биты,Моторное масло,Пыльник рулевой тяги,Пыльник ШРУСа,Сайлентблоки
Ресивер,"Крепежи, монтажные комплекты и уплотнения выхлопной системы",Ресивер,Ресивер,Ресивер,Ресивер
Проставочные кольца и выносные планшайбы,Проставочные кольца и выносные планшайбы,Проставочные кольца и выносные планшайбы,Проставочные кольца и выносные планшайбы,Проставочные кольца и выносные планшайбы,Проставочные кольца и выносные планшайбы
Фильтр нулевого сопротивления,Масляный фильтр,Воздушный фильтр,Глушитель,Датчик АБС,Свечи зажигания
Портативные горелки и плиты,"Ножи, заточки и чехлы для ножей",Профессиональная химия для автомоек,Лампочки вспомогательного и сигнального освещения,Батарейки и портативные аккумуляторы,Эмблемы
Вариатор и его части,Вариатор и его части,Вариатор и его части,Вариатор и его части,Вариатор и его части,Вариатор и его части
FM-трансмиттеры,!Нет категории,Ремкомплекты тормозных колодок и тормозной системы,"Крепления, держатели и зарядки для гаджетов",Втулка стабилизатора,Сайлентблоки
Решетки воздуховодов капота,Решетки воздуховодов капота,Решетки воздуховодов капота,Решетки воздуховодов капота,Решетки воздуховодов капота,Решетки воздуховодов капота
Сварка и пайка,"Губки, полотенца, мочалки для ухода",!Нет категории,Клипсы,Отвертки,Прокладки и комплекты прокладок
Мангалы и грили,Омыватель стекла,Тормозные колодки,Вода дистиллированная,Домкраты и комплектующие,Канистры и лейки
Крепления для лебедок,Крепления для лебедок,Крепления для лебедок,Крепления для лебедок,Крепления для лебедок,Крепления для лебедок
Приводы форсунок омывателя фары,Втулка стабилизатора,Хомуты,Ремкомплекты тормозных колодок и тормозной системы,!Нет категории,Втулки
Преобразователи напряжения (инверторы),Пыльники и отбойники амортизатора,Воздушный фильтр,Масляный фильтр,"Ремень ГРМ, комплект ГРМ",Топливный фильтр
Аксессуары для кемпинга,Аксессуары для кемпинга,Аксессуары для кемпинга,Аксессуары для кемпинга,Аксессуары для кемпинга,Аксессуары для кемпинга
"Термосы, термокружки",Омыватель стекла,Герметики и клеи,"Губки, полотенца, мочалки для ухода",Органайзеры салона и багажника,Шайбы
Подогреватели впускного воздуха,Подогреватели впускного воздуха,Подогреватели впускного воздуха,Подогреватели впускного воздуха,Подогреватели впускного воздуха,Подогреватели впускного воздуха
Масла индустриальные,Моторное масло,Воздушный фильтр,Масляный фильтр,Фильтр салона,Смазки универсальные
Инструменты для ремонта трансмиссии,!Нет категории,Подсветка номерных знаков,Пыльник ШРУСа,Инструменты для ремонта трансмиссии,Инструменты для ремонта трансмиссии
Статор стартера,Статор стартера,Статор стартера,Статор стартера,Статор стартера,Статор стартера
Газовые форсунки ГБО,Пыльник ШРУСа,Стойка стабилизатора,Газовые форсунки ГБО,Газовые форсунки ГБО,Газовые форсунки ГБО
Гидравлические насосы,Гидравлические насосы,Гидравлические насосы,Гидравлические насосы,Гидравлические насосы,Гидравлические насосы
"Мультитулы, наборы универсальные","Ножи, заточки и чехлы для ножей",!Нет категории,Спец ножи,"Крепления, держатели и зарядки для гаджетов",Батарейки и портативные аккумуляторы
Блок АБС,Тормозная жидкость,Блок АБС,Блок АБС,Блок АБС,Блок АБС
Баллон ГБО,Баллон ГБО,Баллон ГБО,Баллон ГБО,Баллон ГБО,Баллон ГБО
Принадлежности для реставрации фар,Замки капота,Моторное масло,Термобоксы и термосумки,Принадлежности для реставрации фар,Принадлежности для реставрации фар
Выносные приборы и тахометры,Прокладки и комплекты прокладок,Сальники и уплотнительные кольца,Валы рулевые и их составляющие,Винты,Комплект сцепления
Термобоксы и термосумки,Замки капота,Моторное масло,Принадлежности для реставрации фар,Термобоксы и термосумки,Термобоксы и термосумки
"Кошельки, портмоне, кредитницы",Подшипники трансмиссии,Тормозные диски,!Нет категории,Биты,Болты и гайки
Наборы инструментов пневматических,Подшипники трансмиссии,Тормозные диски,!Нет категории,Биты,Болты и гайки
Малярный и отделочный инструмент,Средства по уходу за автомобилем,Наждачная бумага,Смазки универсальные,Метчики и плашки,Сальники и уплотнительные кольца
Развертки,Болты и гайки,Развертки,Развертки,Развертки,Развертки
Газовый редуктор ГБО,Прокладки и комплекты прокладок,Трубки и патрубки вентиляции картера,Бендикс стартера,Датчики включения/выключения,"Датчики температуры топлива, масла и другие"
Инструменты для заклепок,Моторное масло,"Пробойники, пуансоны, зубила",Закладные гайки и пластины для саморезов,"Крепления, держатели и зарядки для гаджетов",Кронштейн бампера
Оборудование и аксессуары для полива,Малярный и отделочный инструмент,Средства по уходу за автомобилем,Аварийные знаки,Аптечки первой помощи,"Губки, полотенца, мочалки для ухода"
Сучкорезы и пилы,Малярный и отделочный инструмент,Средства по уходу за автомобилем,Аварийные знаки,Аптечки первой помощи,"Губки, полотенца, мочалки для ухода"
Фильтр AdBlue,Специализированные инструменты и съемники,Фильтр AdBlue,Фильтр AdBlue,Фильтр AdBlue,Фильтр AdBlue
"Брюки, штаны, шорты, юбки",Компоненты генератора,Тормозная жидкость,"Ремень ГРМ, комплект ГРМ",Цилиндры тормозной системы и их части,"Брюки, штаны, шорты, юбки"
Вилки сцепления,Выжимной подшипник,Комплект сцепления,Вилки сцепления,Вилки сцепления,Вилки сцепления
Скобозабивные пистолеты,Воздушный фильтр,Фильтр салона,Масляный фильтр,Моторное масло,Обгонная муфта генератора
Автомобильные шпатлевки,!Нет категории,Лампочки вспомогательного и сигнального освещения,"Автомобильные краски, грунтовки",Домкраты и комплектующие,Тормозная жидкость
Руководства по ремонту и эксплуатации,Одежда для работы,Руководства по ремонту и эксплуатации,Руководства по ремонту и эксплуатации,Руководства по ремонту и эксплуатации,Руководства по ремонту и эксплуатации
Газовые паяльники и резаки,"Ножи, заточки и чехлы для ножей","Автомобильные краски, грунтовки",Масляный фильтр,Моторное масло,Портативные горелки и плиты
Инструменты для обслуживания автомобильных стекол,!Нет категории,"Топливопроводы, горловины и их части",Инструменты для обслуживания автомобильных стекол,Инструменты для обслуживания автомобильных стекол,Инструменты для обслуживания автомобильных стекол
Пескоструйные аппараты,Воздушный фильтр,Масляный фильтр,Приводной ремень генератора,Ролики и натяжители ГРМ (газораспределительного механизма) и приводных ремней,Фильтр салона
Маски и респираторы,Прокладки и комплекты прокладок,Маски и респираторы,Маски и респираторы,Маски и респираторы,Маски и респираторы
Другие пневмоинструменты,Средства по уходу за автомобилем,Автокомпрессоры и насосы,Омыватель стекла,Опоры радиатора,Пыльники и отбойники амортизатора
Тележки подкатные для ремонта,Тележки подкатные для ремонта,Тележки подкатные для ремонта,Тележки подкатные для ремонта,Тележки подкатные для ремонта,Тележки подкатные для ремонта
Панели пола передние,!Нет категории,Антифриз,Масляный фильтр,Моторное масло,Панели пола передние
Ударные гайковерты пневматические,Биты,Подушка двигателя,Рабочие перчатки,Специализированные инструменты и съемники,Средства для мытья рук
Пули и патроны для пневматики,Сальники и уплотнительные кольца,Смазки для подшипников,Пули и патроны для пневматики,Пули и патроны для пневматики,Пули и патроны для пневматики
Спальники,Свечи накала,Фильтр салона,Спальники,Спальники,Спальники
Дополнительные средства защиты,Свечи зажигания,Тормозные колодки барабанные,Дополнительные средства защиты,Дополнительные средства защиты,Дополнительные средства защиты
Защита от звука (наушники),Втулка стабилизатора,Опоры радиатора,"Ступицы, подшипники ступицы колеса и компоненты","Трубки, шланги и адаптеры тормозной системы, системы сцепления",Защита от звука (наушники)
Пневматические пистолеты для скоб,Пневматические пистолеты для скоб,Пневматические пистолеты для скоб,Пневматические пистолеты для скоб,Пневматические пистолеты для скоб,Пневматические пистолеты для скоб
Часы,Клипсы,Жидкости для очистки выхлопных газов ( AdBlue ),Омыватель стекла,Часы,Часы
Пистолеты для герметика и клея,"Крепления, держатели и зарядки для гаджетов",Болты и гайки,Щетки стеклоочистителя,Домкраты и комплектующие,Дрели и шуруповерты
Тачки и тележки,Тачки и тележки,Тачки и тележки,Тачки и тележки,Тачки и тележки,Тачки и тележки
Чехлы для телефонов и планшетов,Топливный фильтр,!Нет категории,Топливные форсунки,Тормозные колодки барабанные,Чехлы для телефонов и планшетов
Моющие аппараты высокого давления,Моющие аппараты высокого давления,Моющие аппараты высокого давления,Моющие аппараты высокого давления,Моющие аппараты высокого давления,Моющие аппараты высокого давления
Питьевые системы,Питьевые системы,Питьевые системы,Питьевые системы,Питьевые системы,Питьевые системы
Дрели и шуруповерты,"Крепления, держатели и зарядки для гаджетов",Домкраты и комплектующие,Осушитель кондиционера,Пистолеты для герметика и клея,Специализированные инструменты и съемники
Полки и аксессуары для хранения,Полки и аксессуары для хранения,Полки и аксессуары для хранения,Полки и аксессуары для хранения,Полки и аксессуары для хранения,Полки и аксессуары для хранения
Портативные зарядные станции,Портативные зарядные станции,Портативные зарядные станции,Портативные зарядные станции,Портативные зарядные станции,Портативные зарядные станции
Штатные головные устройства,Коврики салона,Коврики багажника и грузовых отсеков,Штатные головные устройства,Штатные головные устройства,Штатные головные устройства
Дополнительные фары и фароиcкатели,Дополнительные фары и фароиcкатели,Дополнительные фары и фароиcкатели,Дополнительные фары и фароиcкатели,Дополнительные фары и фароиcкатели,Дополнительные фары и фароиcкатели
Усилители крыльев,Кронштейн бампера,Усилители крыльев,Усилители крыльев,Усилители крыльев,Усилители крыльев
Сцепки для трейлеров,Сцепки для трейлеров,Сцепки для трейлеров,Сцепки для трейлеров,Сцепки для трейлеров,Сцепки для трейлеров
Коробка передач,Коробка передач,Коробка передач,Коробка передач,Коробка передач,Коробка передач
Посуда для природы,"Карематы, коврики","Термосы, термокружки",Шаровая опора,Посуда для природы,Посуда для природы
"Куртки, ветровки, жилетки","Куртки, ветровки, жилетки","Куртки, ветровки, жилетки","Куртки, ветровки, жилетки","Куртки, ветровки, жилетки","Куртки, ветровки, жилетки"
